-- MySQL dump 10.13  Distrib 8.0.29, for Win64 (x86_64)
--
-- Host: localhost    Database: voluntariosapp
-- ------------------------------------------------------
-- Server version	8.0.29

/*!40101 SET @OLD_CHARACTER_SET_CLIENT=@@CHARACTER_SET_CLIENT */;
/*!40101 SET @OLD_CHARACTER_SET_RESULTS=@@CHARACTER_SET_RESULTS */;
/*!40101 SET @OLD_COLLATION_CONNECTION=@@COLLATION_CONNECTION */;
/*!50503 SET NAMES utf8mb4 */;
/*!40103 SET @OLD_TIME_ZONE=@@TIME_ZONE */;
/*!40103 SET TIME_ZONE='+00:00' */;
/*!40014 SET @OLD_UNIQUE_CHECKS=@@UNIQUE_CHECKS, UNIQUE_CHECKS=0 */;
/*!40014 SET @OLD_FOREIGN_KEY_CHECKS=@@FOREIGN_KEY_CHECKS, FOREIGN_KEY_CHECKS=0 */;
/*!40101 SET @OLD_SQL_MODE=@@SQL_MODE, SQL_MODE='NO_AUTO_VALUE_ON_ZERO' */;
/*!40111 SET @OLD_SQL_NOTES=@@SQL_NOTES, SQL_NOTES=0 */;

--
-- Table structure for table `contribuicao`
--

DROP TABLE IF EXISTS `contribuicao`;
/*!40101 SET @saved_cs_client     = @@character_set_client */;
/*!50503 SET character_set_client = utf8mb4 */;
CREATE TABLE `contribuicao` (
  `id` bigint NOT NULL AUTO_INCREMENT,
  `valor` decimal(9,2) NOT NULL,
  `data` datetime NOT NULL,
  `id_organizacao` bigint NOT NULL,
  `id_pessoa` bigint NOT NULL,
  PRIMARY KEY (`id`),
  KEY `id_organizacao` (`id_organizacao`),
  KEY `id_pessoa` (`id_pessoa`),
  CONSTRAINT `contribuicao_ibfk_1` FOREIGN KEY (`id_organizacao`) REFERENCES `organizacao` (`id`),
  CONSTRAINT `contribuicao_ibfk_2` FOREIGN KEY (`id_pessoa`) REFERENCES `pessoa` (`id`)
) ENGINE=InnoDB AUTO_INCREMENT=13 DEFAULT CHARSET=utf8mb4 COLLATE=utf8mb4_0900_ai_ci;
/*!40101 SET character_set_client = @saved_cs_client */;

--
-- Dumping data for table `contribuicao`
--

LOCK TABLES `contribuicao` WRITE;
/*!40000 ALTER TABLE `contribuicao` DISABLE KEYS */;
INSERT INTO `contribuicao` VALUES (1,250.00,'2022-09-19 20:00:00',1,1),(2,280.00,'2022-09-19 20:00:00',1,1),(3,40.00,'2022-09-20 20:00:00',1,1),(4,40.00,'2022-09-22 20:00:00',2,1),(5,100.00,'2022-09-22 20:00:00',2,1),(6,30.00,'2022-09-22 20:00:00',2,1),(7,30.00,'2022-09-26 20:00:00',3,1),(8,70.00,'2022-09-24 20:00:00',4,1),(9,50.00,'2022-09-24 20:00:00',4,1),(10,3000.00,'2022-09-24 20:00:00',5,1),(11,325.00,'2022-10-20 20:00:00',1,14),(12,200.00,'2022-09-24 20:00:30',2,14);
/*!40000 ALTER TABLE `contribuicao` ENABLE KEYS */;
UNLOCK TABLES;

--
-- Table structure for table `evento`
--

DROP TABLE IF EXISTS `evento`;
/*!40101 SET @saved_cs_client     = @@character_set_client */;
/*!50503 SET character_set_client = utf8mb4 */;
CREATE TABLE `evento` (
  `id` bigint NOT NULL AUTO_INCREMENT,
  `nome` varchar(250) NOT NULL,
  `data` datetime NOT NULL,
  `id_organizadora` bigint NOT NULL,
  PRIMARY KEY (`id`),
  KEY `id_organizadora` (`id_organizadora`),
  CONSTRAINT `evento_ibfk_1` FOREIGN KEY (`id_organizadora`) REFERENCES `organizacao` (`id`)
) ENGINE=InnoDB AUTO_INCREMENT=2 DEFAULT CHARSET=utf8mb4 COLLATE=utf8mb4_0900_ai_ci;
/*!40101 SET character_set_client = @saved_cs_client */;

--
-- Dumping data for table `evento`
--

LOCK TABLES `evento` WRITE;
/*!40000 ALTER TABLE `evento` DISABLE KEYS */;
INSERT INTO `evento` VALUES (1,'Alimentar animais abandonados','2022-12-11 22:10:00',1);
/*!40000 ALTER TABLE `evento` ENABLE KEYS */;
UNLOCK TABLES;

--
-- Table structure for table `organizacao`
--

DROP TABLE IF EXISTS `organizacao`;
/*!40101 SET @saved_cs_client     = @@character_set_client */;
/*!50503 SET character_set_client = utf8mb4 */;
CREATE TABLE `organizacao` (
  `id` bigint NOT NULL AUTO_INCREMENT,
  `nome` varchar(250) NOT NULL,
  `id_supervisor` bigint NOT NULL,
  `descricao` varchar(500) DEFAULT NULL,
  `ativo` bit(1) NOT NULL DEFAULT b'1',
  `cnpj` varchar(14) DEFAULT NULL,
  `foto_org` longtext,
  PRIMARY KEY (`id`),
  KEY `id_supervisor` (`id_supervisor`),
  CONSTRAINT `organizacao_ibfk_1` FOREIGN KEY (`id_supervisor`) REFERENCES `pessoa` (`id`)
) ENGINE=InnoDB AUTO_INCREMENT=8 DEFAULT CHARSET=utf8mb4 COLLATE=utf8mb4_0900_ai_ci;
/*!40101 SET character_set_client = @saved_cs_client */;

--
-- Dumping data for table `organizacao`
--

LOCK TABLES `organizacao` WRITE;
/*!40000 ALTER TABLE `organizacao` DISABLE KEYS */;
INSERT INTO `organizacao` VALUES (1,'ONG Pets',1,'Cuidamos de pets e animais abandonados',_binary '',NULL,NULL),(2,'Instituto aMar',1,'Defesa da biodiversidade marinha',_binary '','12345678910000',NULL),(3,'ProVida',1,'Garantia dos direitos básicos aos cidadãos em condições precárias',_binary '','12345678910001',NULL),(4,'Instituto Nacional de Câncer',1,'Auxiliar vítimas de câncer e tratamentos de recém diagnosticados',_binary '','12345678910001',NULL),(5,'EducaInter',1,'Educação para crianças em todo o mundo',_binary '','12345678910001',NULL),(6,'Melhor idade',1,'Defesa e apoio a idoso abandonados pela sua família',_binary '','12345678910004',NULL),(7,'Instagram',1,'Rede-social',_binary '','141241241',NULL);
/*!40000 ALTER TABLE `organizacao` ENABLE KEYS */;
UNLOCK TABLES;

--
-- Table structure for table `patrocinador`
--

DROP TABLE IF EXISTS `patrocinador`;
/*!40101 SET @saved_cs_client     = @@character_set_client */;
/*!50503 SET character_set_client = utf8mb4 */;
CREATE TABLE `patrocinador` (
  `id` bigint NOT NULL AUTO_INCREMENT,
  `nome` varchar(100) NOT NULL,
  `id_representante` bigint NOT NULL,
  `caminho_imagem` varchar(100) CHARACTER SET utf8mb4 COLLATE utf8mb4_0900_ai_ci DEFAULT NULL,
  PRIMARY KEY (`id`),
  KEY `id_representante` (`id_representante`),
  CONSTRAINT `patrocinador_ibfk_1` FOREIGN KEY (`id_representante`) REFERENCES `pessoa` (`id`)
) ENGINE=InnoDB AUTO_INCREMENT=3 DEFAULT CHARSET=utf8mb4 COLLATE=utf8mb4_0900_ai_ci;
/*!40101 SET character_set_client = @saved_cs_client */;

--
-- Dumping data for table `patrocinador`
--

LOCK TABLES `patrocinador` WRITE;
/*!40000 ALTER TABLE `patrocinador` DISABLE KEYS */;
INSERT INTO `patrocinador` VALUES (1,'Blusoft',1,'C:/Users/geovanneo/Documents/imgsVoluntarios/blusoft'),(2,'VortexNet',1,NULL);
/*!40000 ALTER TABLE `patrocinador` ENABLE KEYS */;
UNLOCK TABLES;

--
-- Table structure for table `patrocinadores_evento`
--

DROP TABLE IF EXISTS `patrocinadores_evento`;
/*!40101 SET @saved_cs_client     = @@character_set_client */;
/*!50503 SET character_set_client = utf8mb4 */;
CREATE TABLE `patrocinadores_evento` (
  `id` bigint NOT NULL AUTO_INCREMENT,
  `id_patrocinador` bigint NOT NULL,
  `id_evento` bigint NOT NULL,
  PRIMARY KEY (`id`),
  KEY `id_patrocinador` (`id_patrocinador`),
  KEY `id_evento` (`id_evento`),
  CONSTRAINT `patrocinadores_evento_ibfk_1` FOREIGN KEY (`id_patrocinador`) REFERENCES `patrocinador` (`id`),
  CONSTRAINT `patrocinadores_evento_ibfk_2` FOREIGN KEY (`id_evento`) REFERENCES `evento` (`id`)
) ENGINE=InnoDB AUTO_INCREMENT=3 DEFAULT CHARSET=utf8mb4 COLLATE=utf8mb4_0900_ai_ci;
/*!40101 SET character_set_client = @saved_cs_client */;

--
-- Dumping data for table `patrocinadores_evento`
--

LOCK TABLES `patrocinadores_evento` WRITE;
/*!40000 ALTER TABLE `patrocinadores_evento` DISABLE KEYS */;
INSERT INTO `patrocinadores_evento` VALUES (1,1,1),(2,2,1);
/*!40000 ALTER TABLE `patrocinadores_evento` ENABLE KEYS */;
UNLOCK TABLES;

--
-- Table structure for table `pessoa`
--

DROP TABLE IF EXISTS `pessoa`;
/*!40101 SET @saved_cs_client     = @@character_set_client */;
/*!50503 SET character_set_client = utf8mb4 */;
CREATE TABLE `pessoa` (
  `id` bigint NOT NULL AUTO_INCREMENT,
  `nome` varchar(50) NOT NULL,
  `sobrenome` varchar(50) NOT NULL,
  `telefone` varchar(50) NOT NULL,
  `cpf` char(11) NOT NULL,
  `login` varchar(100) NOT NULL,
  `senha` varchar(50) NOT NULL,
  `ativo` bit(1) NOT NULL DEFAULT b'1',
  `foto_perfil` longtext,
  PRIMARY KEY (`id`),
  UNIQUE KEY `login` (`login`)
) ENGINE=InnoDB AUTO_INCREMENT=15 DEFAULT CHARSET=utf8mb4 COLLATE=utf8mb4_0900_ai_ci;
/*!40101 SET character_set_client = @saved_cs_client */;

--
-- Dumping data for table `pessoa`
--

LOCK TABLES `pessoa` WRITE;
/*!40000 ALTER TABLE `pessoa` DISABLE KEYS */;
INSERT INTO `pessoa` VALUES (1,'geovanne','almeida','40028922','12312312312','admin','admin',_binary '',NULL),(2,'Larissa','Legal','40028922','11231231231','lari','legal',_binary '',NULL),(3,'Lucas','Westphal','12412','12345123','lucas','west',_binary '',NULL),(4,'teste','arere','12341241','12354123','test','test',_binary '',NULL),(5,'teste','teste','1241','1241','asfnkaspf','adljfgnsçfs',_binary '',NULL),(6,'asdasfsa','asfasf','3223','2352352','testec','testec',_binary '',NULL),(7,'Débora','Zavadniak','1241234124','12412412','deb','labes',_binary '',NULL),(8,'geo','oliv','1234','12412','testefoto','foto',_binary '',''),(9,'debs','zava','1421241','1241241','debora','labes',_binary '',''),(10,'a','a','a','1','tesfoto','foto',_binary '',''),(11,'','','','','','',_binary '','data:image/jpeg;base64,/9j/4AAQSkZJRgABAQAAAQABAAD/2wBDAAgGBgcGBQgHBwcJCQgKDBQNDAsLDBkSEw8UHRofHh0aHBwgJC4nICIsIxwcKDcpLDAxNDQ0Hyc5PTgyPC4zNDL/2wBDAQkJCQwLDBgNDRgyIRwhMjIyMjIyMjIyMjIyMjIyMjIyMjIyMjIyMjIyMjIyMjIyMjIyMjIyMjIyMjIyMjIyMjL/wAARCAKAAoADASIAAhEBAxEB/8QAGwAAAgMBAQEAAAAAAAAAAAAAAQIAAwQFBgf/xAA6EAACAgEDAwMDAgQEBQQDAAAAAQIRAwQhMQUSQRMiUQZhcSMyFIGRoTNCUrEHFWLB0SRDcuEW8PH/xAAZAQEBAQEBAQAAAAAAAAAAAAAAAQIDBAX/xAAlEQEBAAICAgIDAQEAAwAAAAAAAQIRAyESMQRBEyIyUWEzQnH/2gAMAwEAAhEDEQA/ANmSGxwtfj2Z6KS2OPr8ftYyTF47JGssvyJVGnUwrOypx2PHl1X0Mf5XafHFs6mPFHbY52lW6OxjjsjjnXXGDDEi30xoxLO05baVwgM4FmOKsecS7FcI7miMSqK3NMVsa2h4LYMoW0NAbyWUK4bBx49x29hYyaZuVhbLgkN2Buwwe6JaHcLQvZsWvgS1uBncdyJUgy5BexLWoWXJTkLiuaOdqxXjezM+ZWzRAryoKxuIso7Fr5FkTbTn62H6DOXFe1nZ1kbwOjjwWzOuF6c77Y67dQn9z2v05kqSs8Xl2yr5s9X9PzqcWz18deflj6p019+GO5NcuyxOi+7DbB1ST7q8HZ5K5Pdc2XJ7Ga6kXxexGMjMWwis0wti9ixGeLL4sByEIFQUjFAYdFYysBgMlgABAkCIQBLAIUBBAArGYrCkYr5CxWAGxGxmIwLIliKUy1MzVh21XJXe4zRW0YaXRZpxsxxZoxsMNcWMyqL2LLKFYoWxbAtiy+MjLFl0WBemPZTYUwLbA2VtgsIexGwNitgLJlbY8mVNhXk6tM52vx3E6sUZdbjuJ0rceG1sKzmft9p0Op46y39zElao8XL7fR4/5W6bZo7GL9qORp/3I7GFexHDN0i6JaitLcuSOe2gjyO+AJDtbAVpOzRDgqS3LorYuxYg+RUxrEofwKtmPF2vwSjcrJotNAT3DHYiVNsbFjdi/I3MRBKitgQ7RELdtK/Ik9yxr3CMwquCEyxLIqgTRNqxSW4kkaHHcWcdhtph1CTwyONBK5LzZ3MzqLS8nJ1eD+Falf7ztxTccs7JXM1C96aPRdBl+w8/qebO79OW0pPg9HFXLlfVui5EodrH6mraZzei5rkjp6/3JHpjxVxZbTLocFeRVIshwNMZejEZCFc0SLIsRDoCxMLewqYbIoWLYWwFBGTEIgHslgJYBsDexLBYRAgsAFhBLCAwjYbFbClbEbC2K2AGKFsDAF7lkWUvkKkYyajR37iuSEi7Ho5xpEy+DKUPFmma2QlaLL2M8JFyZWUYlhkxGwLIsuizNF7lsWBoTGsqUg9wDtgsVyB3AM2BsRyFc0AZMrbI5oqc1YHBgirVx9t/YvhZNRG4HVp4jq8O2VnLjxZ3et4tmcKHwzw83t9Dh7xWYHU6O3pt4I4mLbKdvSP20efP07SdtEUWJCItjwcm9IlQ/gVjxQ2haLYiMeJrew1DVsKhvBNhoPkgIbBEpo0RhIhk/ujW0Wd3tFKHqsSVOcb/ACULqeneb0+6T+9HTHjyyYucja2LZwdd9UaXStxTi5J1TkYX9YYm/wBP0pNcqzf4Mmfy4PVvkVnmMP1zoJy7MuOeN3TfKO3g6no9ZjUtPqIZF9mcssMp9N48mN+2lMEuBU/z/MkuDm6KZumVzdoaditOibaY8qdNj9bw430fT5oq3sHItivqGTu6Ao3vFnp+PfccOaerHmdQtmdToOZpOKfBy8+8bNfRJpaijrx3tOSdbfSuh5P1Yb+Uel1iXpxaPI9Fl25E/hnq9S//AE0Wvg9UeDLpyM/JMUrQudp2DC9iMZemggths0wZDoRMawHsNiWGyiEBZLAJAWRMBgWQFgEgvcw2UF7ETFbImQNYUxbJYBfIGyWBsBWVsdsrbCBZLA2ABZMVbhe5EtyZRqVZB0W3ZXGO5aoHPTdSxogoZIumatgy5SKIj3Q0yskytvcDkI2XRpYpFimZrD3jRpr76B6hm7xXkGjTV6i+QPKZHkFeQul01PKI8v3MsshW8g0aanl+4jymV5BHNl0aLAsyxvGLDktkrgzS7eT61j9kvweXh+49l1iFwZ45qsjX3PJzx7vj3o0dsqOzopbHFk6aOroZHky9PS6SSHixErQ0TjttYPER8DQewSwZIaAjY0SwOhhQx5YoZDUVxe5MmSMIOTdUJ2luklkjjTcpUlyeW6r9SLHnlpscnB/62ZetfUE3lnjxy7YLl/J4vqWtlq0pOdtPyfR4uGYzdeHk57bqPR/836bJKeTVThli/Huv/sYesdfx8YNZkyXGkkqo8k23fkeOGUndHf04eVp1qFkk3ktt+WxXqJwbUG0jRi6XnzuoQdmjJ0DXwSlHC5InlIvjle3Px6rJFt29+Tbp+pTwyjKHdCS4lFmLLpM+CdZMbi/hiP77fgvtnent+l/WGoxSjDVN5cae7a3R7jR9R0+vwLLgyRkn4vdHxLHk7J/g6fReuZula5ZIybwt+6Cex5+X48ym49HHz5Tqvr06aEX7QYNRj1elx58UoyhNWqYx8+zV0+jLL6UZEmmcjX63Bj0WXTZFL1Zv2UdnIr2o4XV9PD1MEvNnTiy1kxyY7jmZE1jSfwW9Kl2auP3FzR2K9E61cPyejC97Yzn66fR+lTqZ67K3LQxf2PFdLl+pFfJ7DFPu0FfB65Xgzjl5W7ZML2DkFxv3DfbGU/XbRdBTEb3ImajkssZMS9iJlFlhsSwWBbYGxEwtgGwpiWSwLLJZXYbAIRbJYDNgsFi2A9ksSyWQNYLBYLKC2I2BsDYRGxe4DYHsURvcaO7Kmx8b3Cxqgty2irHyaUjOm1faxkthyF0hSWEUaTQWK2GQBpdFJZAMANithYrAjEsIpAGKMxfACsUYUoaBoSuLRRDk0wSaKjhdVxXBnh86rUSR9D6nC4M8BrodurkebnnT2fGqqXCOjoP3GCvabentdx4r3HsdmPCGjyCPA8Tz29twWhooj4JEQotESpjBo1tEfgIWgDYV/uRx/qfW/wAHoU+FJ0zs2rPG/Xmfsw4cad93g7fHm845c11hXhtbrcmoyOTl/Ixv3GiWJ13UKsZ9R81SoLyd7pGhhJd+VbeLRysePumlR6XSWsMTlyZdadeLHddDDCGOqgjp6bJCTSa2OVCW6R0NLjuSaPN29uunQy9J0Wtgo5cUJJ+Wtzy/1D9KYNFpZajFajykvB7HHiyKOzMnU5LJosmHM32yW23B0xzsc7xzJ8jnhlAr4fJ6/WdLcsbjKCvw0uTy+sxLFk7Ud8M9vLycdxr1X0V1aWLXLQ5Jvsy32b8SR75fzr7nxjSZ5afPizwvuxzUlR9lxTWXBjnVd0U/6o8XysdXcez4uVs0ZnG67tpYT/0yR2ZWkcnraUumZm/8iTR5sPb0ZenInTT38GXC+3OvyaG7xxk/KRmd487PTj1Wb3i930zJ78R7XQvv0UvseC6XO44ZJnt+m5H6U4rhqz2414OSM+VblUP8Qsyvd/Ypg6yIfbnl/LT5Y8eBLsY3HnRgTA2QofuJYoUwGbBZHwAKZMNirYIEsYUIBJYCAGwNkA2BLBZGwEDWKyAKIxWEAAFGFASQ0GCTBB7gbMTNcXsjFiZrg+A0chAWVNgxWFsVsioxWEDAArC+AMAMV8BYGArAFisAMUZiMAMRjMUCyPJpxvYzLk04+AyydQjeNngOqw7dU2fRdZG8bPBdch25r+5y55+r1fGvbnL9pfoZVkSKI7xobTPtzo+dHvejg7imWRZRidwRYnuefL26RbewYvcVcBRYWLURgXAGNoe9gXsRPYg2aC1Z4362xPLrdFFLaSf9j2Pa23W/4PP/AFXpNTDNoM2TT5IY+2dSlFpb8bnf41/fblzzeGnjZdPTm4wVIq/gblTjwdbE/wBSTq9uQyjW/wAn0MstPBjhusWLRQjVo1OWHEvfNKjLqdS8aaXLORlyKTdtt/YxMfLuuly8fT0WLqWhU3H1d/mjqaLWYW4yhki1+Tw8NJ/Ed1Sm6V7+DNjlkwyqGWS/DNfihOe/b7Dh12OcO1NJryDIlmW9NHgOkdRz2oyk5Ho8PUpQSi77nwjleunpl3NtOs0cZQdbM8L1jp85ahLtpr+57fNrVhlFalxxuXCnJKzn6rNoMjhKep09t7P1I/8AkuEyl258txymnjOj6FZetafT5N08itH15KMF2pUkfO+k6fFj+qoZ82THDBHI2puaSPcy6jonTjrMD+6yJnL5eOWVmmvjZY4y7rVNqkc3qkPU0Ooi+HBv+hojrNLmnHHi1OKc3xFTVsXUQeWM8V/ui1/VUeWY5Y2PT5Y2dPL4JrJpMcvsirK/1f5A6bNS6fHbhP8A3Y2allPT6y0kn6vT9Jy3o8Ul4aPddKndr5ifO+iTvRzjf7We86RO3jd8o9eFeHki7N++RQv3pmnPvlmZL3Rb7crNxrTC2JB7DNnSPMKCKhig2SwEAKYyEsiYU7BZEAolhTECgLSWIGyAtgbsjFYEYLJYCA2SxbAUNZBbJYEYtkbEbAjBF7gb2BF7gbMbNcOEYcbNmN7INLrFJYG9iojFbI2AiowWRgsCNihsVsANgbIwMAWBhYAFbFYzF8AKxRmKBYtjRjZmsvxMRKOoV42zw31BCm5fB7vIrxs8d9Q4v05Mxyd4u3DdZPNY3v8AkbHtnRXjdbj325Is+Z9vp309Dp5XiTLzJpZXiNNnny/puHTGUiuwpiKvUtg2Vp2ghFq3BYsXuC92Q05/XNfPRaSKwus2R1F/B5XUa/V5IPFPWZ8lu2pzcl/RnZ+poSctPNXW6PL5W550otbcnt4OptMteOqu0UJVNOTe/JdK5bLwNhcYad/L4EUlHk9G9vFNTJXl6etRDfZnF1/SMuBqcLa+x6bDlXdyboQhmpPyYmdldLxzOPn0MWrjNrFlnBNbpPkmPQ6h5babXyz6N/y3De2KLfzRy9bgjjn2pVvwdfy3TnPjzbn9J0fp5UpqzR9TuWj0fqYm1PZJrwbenwXqKuSfV+Nz+n8uWknDt3/mcsbbk7ZzWD5y8jyTc8jc5vmUm22MpLyr/JUFN2j2PnLu91vuBz8JqvhAhvFyTdRXu28Fks+CXTceFY2s8cjlKfhxrgClzppr+zPo/wBJ63NquhY55puc8c3BN8tKj5ofQvo7b6c7vjPL/ZHn+TJ4ben41/fTPo4elLU4vMM01X2uwar93I+8Os66D4c1JfzRXqF7kef72909Oz0CXc8uO+dz2/SJ/p49/J4D6fnWucP9UFR7bpc2sfb/AKWerjePkd3Ptla+UYm/7M15ZXNP5RjnSbX3NVyjXCXsRHLcqxy9gbtnTF5r7WpjWVJjWVFvcARMawCQFi9wFgLFshQbIAhA6ZBUEBmAFksAMWwtiN7gNZLEDYBAyWK+ACxGEVgB8Cxe5GInTA14mbsb2OdiZtxMNNIrexLYCmkbBZGAgLFYWKAGwEZAA2KEDADYCMDYEuxGMxWAoA+BQHZbifBTZbjBWl742eX+oMd4ZV8Hp1+xnA63Duwz/BM501x39o8HHkskvdFlctsrX3LJv2Hy8pqvrT+XZ0crxGuzndPl7NzoLg8+f9N4+jDJldjeDG2l0eBiuPA1jYdOhZP3CuVCuW4RzPqCMsmhg4q3CTb/AKHickMuF93crb4Po2XHHNjlCVNPweZ6n0HUuUpaftkm2/c0mj08HJ9Vjkl+mCCSww38FGWe5phgljwRU/3JbmHLyz3R47FmDNUrbOrp8/DR5/HL3G7HlaS3MWarphenp8WpkltVnG6nnjHVQU2k2rNGkzRUVKTs53W9Lm1mWGbClSi4tFnbduorj1rR4NT24pKTvd2aPqLqsdT9MZcfpyisldsnHaVNHlsvT3gyf4bUm+T1fV9ZHL9JZOnZmm9Pii4f9L5aNySWacvLK43b54iPggHwd3hdvpOryQ6L1TRQavVQxx7e1XtNefCO1L/hp1n+DhqIZ9HkjNftjk3X2Z5HHneLDkgm05fB6PQ/V88OKOPLGXqLbu7nX9DN268cxv8ATFrvo/rnTk5ZtFKaXPpPu/2PT/SEXH6eljlFxlHUSuLVPhCab6vyZGnNuSu7i9z0+m12n6nC+9d9Xfk8/Nblj4vTw4445eUeW1acPqCfhTxRl/RtFepfk0dbxywdd07v2zxNJ/hmfU77nDL6erH0t6Nm9Pq2DerVP+TR7np+SsmRf9R870k+zqWma8za/wD3+h7/AEEv1sv/AFRTPTx+nk5fdehyO1jl8mfL/iP8Fnd3YMf2Ks3+J/I61xWYXcC2tzNp3s/yar3NYvPn7RLcsXAl7h7jTJrJ3CWCy6Dti2CyAOmMmVphTAssgiYWwDYbK7GTIHA2CwNlEsV8hbEZASWKSwDYAWQAisYRgKytvcsK5cgXYnubsTOdiZuxMrTXZAIgEIwAZAWKRgYEA2CyAADCK+AIKFgADAQDADFC+AARFuN7opQ8HuBti7RyurxvFI6eNmLqcbwyF9GPt81z+3VTX3DJ+wnUF2a2f5EW8WfL5JrJ9jju8W/pc7uJ1U6OL0qVZGjsWrPPye28PS2LJJ7FakHv2ObazHL2lkZblMJIMX7mNIvbEnVoblCZFcKQQ75+xXJbSsKewHe5Y1Xm9TH3z+zr+5yNTHZv7nW6hNY9Vli3W5yM72PqY/zHgvusbdSLlKo2ZpupEhKTlVbFSVpj1FY2+50ixdb0cUlPI5X/AJUZZ6aEo+5WyiODT4JqUo4382WaO9uvh6podVN4p4ZwlVwk97Zyup5JPp+olJc7f3NOmwaP1XmwyScYt9kXsZerSWPpeSCfLSos1s5PTzZGr80KFnZ4llYtvcyqSV7Mhdp9LqNVPs0+DLll8Y4OT/sVZNkw554Z3B88noemdQyJLJjuL8nG1HS+oaWPfqNDqcUP9WTFKK/ujZ0huUJR/wAq3s55zcduK5TLT0GXU5tdLDlnLfFJq/s0W53sZ9DilkySiuKsvyx9i/G55Mvb3cXph7+zLiyf6MsX/ev+59A0E/147t90D55qPbhn9t/6Oz3uijKH8Lk2lDJFds47qW3hnficeX29NGV6dfK2EzS90fwDC16En8NEybqLW67mjrfTz/Y6eV5JGtGDDLtyteWjWpFx9OHJ7WsAnf8AcPJ0czhFJYDLkIoSKHkYAyABGEBQBr2AQA2BsgoBbAyAZBAEsWwhiC2SwpxWCxWwIyuQ1iSYD42bMTMON7m3CwNqYRIsYrSAZAMhUIQVvcMo+QEBYWIwAYG9wVGBksDaADFC2BhQARgAYMXuhLDF7hW3GZ9eu7Ey/E9hNUrxMv0zPb5l1mHbrpP5M8X7Tf8AUEO3Vd33OfHeJ8znn7Pq8F3gs0M3DVV8nds85gn26yP3Z6BPY8/N9O+Ps9hb2ASRxbhoumWprwZ4stiwVoUtiN7UVxl9w3yBE9rFcqYqdxA5DY8x16TWqm1zZw1qa2k/5nV69kvVZPsecyttH1eP+Y+fydZVoyZE3sxscq3s5rm0xo6iuWdPDbn+TT0eCOPIlb/JpXQNHqbU8sl+Dy38dOPEtjTi65kx7dz2J4WNTln26ubomHpcpZsGVyUl20+TldajL+Ctft7jfpte9fjnbfta5KerYnk6akvMkS3Wa2eWPTydG3Q9Oy66aUZRhDzOXBbgWj9bs7G6Vtv5L8muh2qMYdrXElsdbb6csePGd2u7ofp3pOFRlnnLUz5p+2P/ANnXza/HosXpaXFjw41wsaSPHR6nKKSi5OT+EacWPqet2hgcU/8ANkdI5WZfddJlPqPVabr91Fy/Ke5oy4OlareemxwnLdyxpRb/AKHExfSvV4wWSGo0U21+xZaf+xmzLqXTpqOs0ubD4Tkri/w0ZuP/AF1mW/ce10+h6bDDWnxptr9zlbPPdY0r02Vtf4cnsZ8Orzxxuac0jTi1sNev4TM7k1s/g5adMctOFmXfCcPlNHrvpbqMcfSNHp9RF5dK6tXTg9t0eUzY3izzhPaUXR1fp2V9NUP9M2v7nbirly99vpPoTxwyxi1kxt+2a4df9yjJLZU9lKx9DrXg1mZZYeppsq7pY/5cr4Y2u0/oRWbFJ5NLNrsn8fZ/DO3t5/tnxu9RH7qjauDBH258bfh0zfEuHpy5f6FIdACjbjYlkQaJQUyCJYUwGCuBbJ3FDgFslkDEFsFgPYotkbCCwNgslgBgsLFAhCWQKDYLCwAKxZcjCyAOPk24TDj5NuIDZFjCRGsrWxsDZHsK2QRsBLAE0gCWAESwEBYVBSNi2BAWSwPgAMBLJYAiMhIOyyyRqteFD5oXjZVhkXydxNMfb559UYuyTl9zhYXaPVfVeO8UnXDPJYWfP+RO30/jX9Qb7dTB/c9Hjd44v7Hm820oS+Gd/TzvTRf2PNyd47emdVqQspU6FUySps899tCmPFlNjxdBdNEabpjJrcpTfJO6gaPHhiy4BCVbEcvFEk7V4rrUu7qGb/5HHyJHS6rkUtdm8vvZzZPc+tj1NPm27trPkhaM81RsluUZI7HXGuOUZZNlui0eq1+ojg0uGWXJLhL/AMsrad1X8z1v0r03X59LOWj02ScZO5TjHhL7msstRnDHyunT6N9G6nT6Jy1uq0unyylfpvIpOl+Nga3p+knocumnN7/tyLwx9VptZgxvJHG5V+5LlHEz9QjbhOVfY8+7ldvV1j05a6bF6hxxqUovhvZs7EPoyOp08ZY9S/Xe6jJe1/azA+o4scrUlfzZ2uj9bwKSi58vfc3bl7Z/XenJx6WfSc7w6nF6eePN/wDb5LsvVp0qnx8cHq+saXSdd6f2d9ZoR/SyLmL/APB8r1cdRps88eST7oumXCTL2xnbj6eow9ez42ksj2+518X1bKKjCb7o+U1Z8/00ss8iUW38nT9GUEm3ZcuORMeXJ7t9R03UcbcHFSr4o50I48OZtJJ34ODpcuXDVJ0dLFlnNdzW5xuOneZbauq6f1oLUw3a/d+Pkr+n51DPG+Ml/wBkbNI/UThLeLVNGXRad6TqGqx9tQnUoP8AkXjMvT3Whn3Z9L3PaUIJmrRaqeGGTDNPJhnHuniflryvuc/STSwaLIuVa/ozZ7Y67s8d0o/7npxefJbqtP6UYZcUu/DOXtl8fZ/c0qcVu3SOTi1GTHp8uJO4Tiri/wDdHQxSxKMV6V7eWMXLkn20+rD5RPVXhNlUpRSuONIEMzXg25L1kk/BLZXHI/sFzdAM2FMruyJsCyydwjABZZLK73GAPcSwAYDNgsVgCHsZMqsZMB7FbJYrCjYbsrsKYDAsIoEbEYzYj4AaHJrxMwxe5rwsDdBj2VQHKuhbARgsioSwWBsA2LZLBZRLBZLBYAbFI2AgjA2QAAIQACY2XN7GbGy8kasaMLNNXEyYnubP8hqMV5T6nx92nyHhMcqex9F+ocfdpsi+x84XtyNfc8fyI+h8W9H1DuH4Z19DNz0cd/Bx83+Gzp9KyJ6VL4PFl/D2f+zcm0PJtRTEb2G7rijzNxW3O78F2O/IknsNCRWl6WxGvuIpMEm20kt3wJ3dIdNJg1GWOm008s3VLYwavqmHTY8s8cXmnB9rjDdJ/c81qOuarUKePWfsb9vaqUT38HxL/WTny78dRztTk78+SV8uyhkyTj3upJrxQl7np0+frSSKpMsZXKvJYzVUcM8+WOLGm5zkoxS+T6Ro467Q4ceh03fDS4YqLcZNd0vN/J5r6X0Cnq5a6aUoYdoL5kd1dal63pPJ7IvZXyZ5L03xyQnUtdkweyMnGT8nJxaPHqM3fnale7s9Blw6bqUazR54a2a/mcnW9B1mmXq6HO8+Nc45fuX/AJOU/wAdcv8AVOq+nOn5o3CXY/szxufHLR6iWNS4bpncfUcii4SlKEq4ZwtfPvy29z0YSvLyWb6dHp3XdTpaXe3/ADH13p62fquu6W7o4SlVM6Og1EPWUZukzVxk7jOOVt1WzDjx4oLsST8lneoytqxNXljDUKMU4xaV/I2XS544P4mDWXC+ZR/y/knjvuu348tdLJaiWaoqkbtJGVU3Zx8U6l3NbnS02qcXvVHPPEwrv4IrHunuaopZI7q2lscSPUItc7nR0WrhKlJ7nLuO25Xo9I+3RYk//byOP/c3ZZVq4T+ZKX9UcdTcO2p+170dLLkjNY3GV1GP9jvhntyzxqSVZZR+G0bdPJSwwfyjFkv15/eV/wBS/RzTxRS8Ojpi4ck6bJcFXkbuFbOjzrITLL2M0JF8QqxMnkCI9gHsDYtgbAKY6ZTe46YDsDZLEbANkAQgIUxboi3AexWQjAUgGEB0QVBC6BsST2CxHwQSLNWFmOL3NWJlNN8GWWU4ywKNkYCFNoBsAAILZHyAA2ABAIwEYGQQUjIACEFApxvcvT2MsGaE9jMbq/HLc2xdwRzoPc3Yn7Tcc653Wod+CX4Pluf2avJH4kfWOpK9O/wfK+ox9PXZPhs8/wAmdPZ8W96LL3Y2jT0mVKcPuYVL2F/SpVqZp8M8Gt417re9u43sBSpAXBP8p5XWJKba2DGTtWVSdLYfFGc2nxHyzeOFyuo01JXSXJh6lr/4SDxY5Xna2a37RNd1RaeUcOCuffNeEcvWSUsjzRdtrk+n8f4kx/bJfFypat4NSu/JKEJ7SlHw/kTVZOySjqUpY5r25IrZmbXQlki397H0WdajTPTZt4rj7Hr28+Vvl4sWqwpfqY5xlHx2+P5GeOplD9y7i3Uad45SSTSRlljfyYrx8su2pamMlzTGUu+knbbSSRgcdvg6nQNO8nVYTyK8eFOcl80Ys6cZt6rJ2dM6Vi0UP8WryflnJi5ObkuTXqsvrZZTk7bMkpuMWlKjle3WWSNOPq2XTKnx5Ohh+oE1d7Hieoauff2rJv5Mum1GSMt8jr4Nzil7rneWvR/UOq0mdvLjxqGTzXk8tkl3uy7VZvUf7mZ06OuOOnK3YHb+n8eJ5p5MkU5R/ZfycbuT8UdLpuR4kndbldfj/wDkj0molpNUvT1UEn4ktqOPlxZ+k5bTc9PP+kjZln6kU/koWo2eHMu/FL+wfU5ZKyuEMkfUwNNeV5Qkc0lytwTx5NHleTE7g/8AYLyY80fUSpvlLwZ0+fnhv/6shll8m3DqcqVQOdj5o24Hwc8pGcdx2tB1LUOfZlftPQYNQ5Qvx8HmcEU0mdfTZaVPg8/l4131uPSyyRm+6Lu4R/sqLdC325o/9d/1OPp9R6cvlM6ehyL1tQlxLta/uejjzlrz8uOo6CYGJb7UvsTuZ6XkKkaMcilc0WKyWDRFjFSewbIHfAkmRvYSwCmOmVpjJlD2EWwWQMRuhbBYQ1kvcWyJgWLgjFsIVCAtAXIDgZAMNQGJLgZiMhoq5NWFmXyaMZRuxsuKMbLrKCBkA2DSMDI2CwAANgZACEYAIxWEDAgCNgtEAfICN7gKMsXRfF7GWy6EjMbq+Mvcb8Uvacy9zbhlsbjnU1q7sDPl/XI9nUH8M+pZ1eJnzX6lx9mrTOPPN4vT8e6yclftRZoJ9uvp8MqhvH8C4pdutxs8OMfQr0t0hO72id/2KM2tx6d+9No4cfFc8tR3xa1GKTnll2Y47yb+DBPr+FtJQePDdRfz9yZdZp9XhleSoVvH5MGqlhzYezsilWzS2R9fi4MeOf8AXXUnbbnhilibgl2zXKOXhmmpY5PeLop6frpQf8PN3T2YuafbrFN+dmjtvbNzntNXijGL28HGwTePVtcJnbyT7vGxx9dj9PKprYxXn5p35Rp1sXkxKae65+5y3zTOnGXfgTOfmjU9vJK48nfZVC+Dv9Nx/wAL0v1qqWd7fhHM6VpI6zWxhkl24YruyS+x2tdqY58iWOKjiglGEV4SOWVcdM08r4+DDrdR2YW03bL5pt7Mw67DOcVW6RnGduPI5Lbbbk22DlhkmpNNFmHHb7nwjvtxk2T05dvc+ArDKUbSLJXkl2rgvw0vaht1x493tlhglKdNUjoRxrHjSiI1TLYvuVB3wwmLRp8ryQcW91wGUsahU5U34MfdLHkTRbnUcse9Kn5DvM7oPU7W4P3Y2UNPFJuHDAm2qZFK4uL5+SOVv+nhPe/k24pUjmxdbfG5swz2RjKOFvbtabJ7VbOpheyaPP4clNbnVwZtkjzZYu+GW3Zx5KRv0GoWPO+9+2So5GKdrk0J2jGOVxu2ssZljp6q9r+dyXsczp+t74+lkfuXB0nJUfRxzmU6fOzxuN1UT91lqKUy2O6KwsRYtyjurYeMiCxlYW7FQBsKYpEUPYbEGfBBLJdC2SyoNkBZEA1hsWw2RTAFIA1ktiksKN2KwWBsKHkvxsz2W42BvxsvvYzYmaPBQbA2SwNgRsBGyAQFksFkEARgAlgbI2BuwA2AjAwIwWSwWBgsvgzPwW42ZbX2bdOzDZqwyNxjJqyfsaPnn1XjayqX3PoLdnifq7H+n3fDM8s/V04b+0eTxftZXPbPjl8SDjkGcFkkl97PnSfs+prcduWeGOHfN0jm5s2izNqWpjb8Mr1Wb1e2K4j4MGozaRrsz4U38pHv4sJhjp23ZNDPDm0uRz07WoxvxF3RTny5sX62Fvsf7sb8FLw44tvR6t45c9smUvU6vTTvOu+L5fKZ0tcbyWNMu3Mo6nBVr98V4BqsnqwU47tb/wAjBOUsE/W0sn2S5XwXQ1Ony6DKnGa1Lku1/wCWvJNsfm+q24sqyYlIq1eP1MTvlGfR5a7sfh7o1qalz5Jt1lmWLn6TI/TcHyhc0dwT/Q1l+JFmR29g4z1pd05OOLI6pOka5Nt2NDD6GlxQf7pLuYrR5s65VTO3snRjzSmk1Z0O2ldGTPFWXGuWc6c6cO7cChKMaXBc0BneLjhNbLGKjG0SD7Z2Gv0xJXQas1F8t2GLpiJ90EFJ+EG5drJVL4QcTblSTkuNt/8AYCvg7/RNV1PQavSdX0nTMk8enl78uPC+2Uf8yfi+TUm1yy12884OU6S5fB0M/wBPa7H9Pw65FQlpvUcJRi7lGtrZ7L676ZHXYsHVtDh78k3GMpYo9vPF154Q/wBG6LqOn0XUul9V0Gqhos0XK8sNk+JVf5Gnn5M+tx8yk03aew+ny1Jp/wAhtdo8nT9fqNFlTUsORx3VNrwzLdSTXJK5eTrwnsbtPmaaTOThyJxRrxz4dnDPF0wyeh02VSo6KkmrPPabPWzZ1sObuVXsefKaenG7jbDI4zUk+DtaPVrNFdzqXk89GVuy/HlcJKSe6N8edxqcnHM49Ov22PGRi0urWfHT2kjRF7ntllm4+dljZdL/ALjJlaexLoqL7JZUpDWA1ksSyWBZYbKrGTAZsFgslgElgsF7hFlksUJFFsFisD4AayWIQAsDYGBhUfJbjZQ2WY2DboYmaU9jJiZpiwprJYCFEbARgsghAWBtgGwN7A7mCwC2KyMAEBZGACWLZCAYJDwkVSGg9zLo0p7GjDLcyJ7F+J7m4xfTfeyPK/VePu0kmvB6hP2nB+o4d+int4Jn6OO/s+bxluasSpd7MV1lr7mnJl7MJ5OPHeT7GF6VTScrct3yVThjq6TK55iieomt1FNHsrdy/wBJn00JK1sY3lzYm4veHlPc0S1b/wA2JUUzniyqnKUX9zLz53foqlCS7sb7X5i/JmlUMqkls+UGUex1YrfzuR5srtbjn6eaLTNsc273OY2WKbpbjbXHyePS/VyT7ZLwzXoMP8Tq8Uf8q90n9kc3JO1vud7peP0OlPNJe/K6j/8AEznW/LtZnyernlL77CpbEhHulZa6TqjzWopa2Zg1Hk6EuGYM9tUuX9jeDnlNsYKs6vTfp7qPVc+fDpcKebEk5QlKueDp9K+jNTruranR6rI8ENHSzygrabVpL55PRJtvymMeYUPbR6f6d+i317p71b1kMEI5expq3R63P9NfQ2DVR6Xk1csOonH25HqLlfw/Cf2KPp3Q6z6e6/k6Rnm8um1S9TFOKq5LlP70b8XLPklmo8TD6Z6nl1Wvx6TSZM2LSZpY5zS2ik+f6HrMP/DzDoMeg1nUNU9RgyZlDURxRajCL4d81dWzR9X9R1X0p1JdQ6VHG469VOeSPclNbS/qqPQ9E6g/qHoE/WxuMp45Ys+FNbtx5v4fJZjN9seeXUjyv1r9K9P6Z0fDqumaCeL08n6s+5ybi+HuaPoDq0svT5dE9Vz2ebHCK3fNr+u/8zsYtS9V9Py0jyYXrIZHodR3ytKStW6+a2PF/TXRuu6D6t0fbp82LIstLUdi7Gr3344stmqTPrWT6LoJYNNHU9Kzxangaz+nLdOD3TSfw7OD1j/iHpOn63Npf4DPky451KpJJ/dc8nR+pOoY+mfU/Rc2afbPNOenySXEoSez/CdHif8AiN02Wk63j1T3jlh2Oly48f2Ftc5N5f8AFf8AxJ0Uv+aabqqXs1WKKk/NpbP+ao8K+dj3OXqWPrX0J/C6nU4Y6nRJRxqc95qPFL8bHhW7d+UYrWWOl+DIoySfk6EJb/Y5MXTTN+LJ3RTMWEdDHOqOrp8qVL5OJGXBrw5qdNnnzjvhXdhk+C5SOXizGqOXY5WPRK6GLPLFkjOLa+TvabUxzY00/ceWjk3NOl1bwZFu6b+Tpx8lxrhy8cy7erjLYNmbHmWWCcWWpnunp4b7W2HuEFIi2w2VoZBTBsWwgGwpikAYKFREwHTGEDZAbAwWCyiEIBkWIwMjAwoMfHyJ4DDkiN+JmqPBjxM1QKqwjARgRgA3RLsCAsD5BYKgCAYIlkYAAFikYG6AlkFfJAMEmCDFkyY37lZl1dHDgc42x+z02atGk4blGsmoyrg3HO1bF+05nWl3aWS+xqx549tdyMfUs8Hp5JtcFvpJe3y/KuzUSXw2V6rNUUW611rJ1xZztZM8vFNZPqTLUVy1LhwB9SyKNenGS+6M0mVt2j0Wudyq6epw5N5YnF/MRO+Etk0/s9ivbyDtjLwzLHlkaVLjYRq//oZY2+LYHilF3wwxZaqlswxftYZp8y5EsONnjWrTYnqNRjwx3lOSR6fP2QUMGP8Aw8S7Y0croGB1k1cku2CqP5Oin3Tb+TjyV6Mf9GGyEky2tiem34OLbLLgr0+LLm1+HHgUXmlJdinxfg0ZYpIz6bqMuk9S0+tWNTeKduL8o64dued17es+hceqXW+qfxjcNRkcO/uVXJtu0af/AMkwdM+seq4ddOGPHl9N99NrujFXaX8zudH1ul61mjrtElkeyc4xpwp8M+cdc6nf1PrNZJzepw5lHHsnD21z/c9U6jhjPPK7epl136Q0uLBKOi0+o1OScp5tR6Tk02+Y2t+eD0sep6L6h6Jkn0z1p48VuE5VCskY3x8UcHRfWH031XT6dda0eHTyxxcU3j7u1/MaVoy9V+tuj6LouTpXRcff3QcIzhBwhG9r33Zvybyx+tOv1jSx6z9DZ5RyYs0HpfXxcN45Km6f8mjyX/DjqmHB1bLotTq4YceqglGcm1U1w7KehfWsui9Jno5aNZ7lcY91RSqt/wCe55LNlWXUZMihGCnJyUFxG/CM2/aSZeq+ifWmp/5Z1zTdS6b1DTxlqq9fDFqcbjxKUTm6z6410LhLR6aWZU4ZIZbivweL2TtRSDZi3bd48b7dHrPWtX1zVx1GsmvZFQhjjtGC+K/Jz8mWeWXfklKc6q5O3SFATa+Mx9GhN45qcf3LgyyTuV82aCnKq3Qc8iJ0aMM/cjJZZGVNVyWubqwlbL1KnZhwZFJc7mpM5WOuNbMWbc2Y52cyDo2Yci+TllHaVvhk3HeQyqa+Ru85yarVu3ouk6z/ANqX8jvJ/fY8NhzyxzjKL3R6/RZ1qNPGS5PXxZbmnl5sdXbapAbETGtHWuBkSyIlBE7h0yoKYFxBExkFElgZAGT2DYlksgayWJYbAYDIQAMAWxGw0LJDkVvYkGEbsTNmN7GHEzZjewVaCwWRsCMUjAUEBABKgHwSyEWABkYGwIK+QtigQgCAc+SETqSLJGecqMujv6LIuwxdYyuEZNB6fl7lVk6vjU8Ld+DTOtuTpNQ8lWwdRheGXurb5Memi/Uai9jZqNJ3YHJzfBfo8Y+f61OOol+TnareNnU6hBw1Mkc7NHuxbHml1m9+PeLnSkkL6i+CZE0JsdnDK3ZvUX+kKnfmhO6C5GU8PlMJKftm1tJ19heyS57he+D4T/qFTS4T/qGtxGr5KXGTn2pW26SLu9P8/B0uiaZZdVLU5I+3Bvv5fgW6Ys8nVjh/hNDh0nDirnXlseEaVCybnkc5O22XQR5M7t6MYKgyxR2DWweEYaYtSqj90cDWZGp19zu6uWzPN6yd5qPRwx5+a6ro9C6/m6PqnU8q02Rr1YY5U390aev9W6Z1TVR1Ok02XFP/ANzvl+/7/k85Y8Wd91ymS7lX5+QKTEUg2R18tmsV8hAwuzEBYbBKgCWEACTVpjSVAb2DnlGeKuVD5McsUqkqFa7Jo9P0/pmPq8IaeT7crXsyfBduWnAwXVmyErM+TDPS6jJp8qqeOTi0NCe5m9rOmxMdZGuDPGRZZzuLpMmqGWXyWrKYYyZZGZm4tzJ0ITbo9P0DU92Ltb4Z5HHLg7nQ83ZqO35NYdVnk7j1wbFi9iXueh5Fiew3cV2QBmw2LYAqxMdMpTHQFlgb3AQA2QWyWQPZAWSwGA2K2BsA2K2LYtgM2SLEJF7kG/CzZjZz8LN2JlaXgYLJYEbARsllEBZLBZARbJYGBGxWyNgbAhCWCwIwWRsFgc7JJIx5cu9D5chhySbZl107PTMtcs0dSzp4XTOJptR6XtG1Gqc49qZqMZdQMXtbaLsmWTx03tRnxS7qHzP20ajj5XbyXWklqbRyVTi/ydXrK99nIg92jy8nWT6PBd49ubnjJNqzP2s36iO9mXg64+kzwVKO/A9fYbkZQciszEnbfCD6bvgs9Jx3ckh1OKdPdh0xwipYG/Fs9JhwrSaDHgX72u6f5MPS4LJqHklGseP3O/L+DXlyvJmb4t3sc86txn0aNsvg6KYbotijzVqNMWmiZHSoSOyEyy9tkW+mLVyqNnmtS7ztnf1Uri0edzP9WR6eL08nLd0gULYUdnE9jJiWRMjW1lgsWyWF8j2FSKwphZksvcZMqsKYaxp3uL5G2YGguSrKrVnougav0Z6fJfE0mkcB7qjb0jI4ylD49wvpzvVW/U+N4uvZ59rXe+450Zp7pnus+j0fWcfdq4PuhH90HUuDm5vpLBBZ3i1GTujFSxqS2f5JKWV56Ei+MrM8oTw5Z48icZRdUx4zFSLroeMiu7InRmxuNkJnS0Ob088J2caLNWLLUlbJJ2tvT6Fp8vqYky29zl9My9+khudFI7R5auUth0ylMdMocIqYbCiOmV2MmA1kAQAkBYLILLAIEAtgbAQCAYSAKRchoAGnEzZiZhxs2YmGmm9iWKggFsFkAUGxbICwJZG9hSEEIyAYEBZGACWAgAPOSk3yyqe7sf3CSdGXW0jFvcEpCtljjlWvTv3F2ThmXBL3G1xuNm45fbyvW8W3clsefjL37HrOtwXoy28HkqqSPNzTt7vj5daLnh3RtGSUDfyqMedNS2LxXfT0VR20+aGjCb44Ba8q/sWxcp7cJfB0YidkYtXJt/CLIttpQxXfyPhwd01HHCU5PwludfT6DNiksupxxhGO6V278EuUjp6Rr+F0cMXalOS7pV4+xRF8WTNl75yk3dsEN9zjldue93bXBoujwZYsvg9jlXSLbKsr9tMa6Kcs9iFYNU/azz+TfJJ/c7mr2xy/BwW7bPVx+nj5PaIKAgo6MCQhCIhLIwANZG9xWTyUMnsFMUhFlWxY74KUx4u0HTHNGW6WXp6uPhSVMrIn2zjL4YSvb9LmpahQlJpTj4/B0ox7sM4tJtRr+SPP6XK4SxZF8bHe01yyemnvNdrb+WYrU7jz/VtBHU4vVgqzRe7+TzsoywylDInGUXTT8HtM8WozT5i+f5mbqHSY9QxrJBJajtVS/wBX2ZqdueXTy6mN3FU4ZMGWWPLFwnHZxfhhUi6TbRCVl0VOUoxhvJukZsbbklFW34R6nofR5uaz541XEWia7Nu50zTvFpcafNbnUStGde32rYvg7RuOVvY9oYoahkikCibllAoKQdEoiQBJZAAQhCEBIQgEIQlgQAO6gdwDAFcxHkINWNmvEzn4pG7E9itNcWEWPASggIB8gRvcUhAIAhCCMDIwMCAIACAIKBw8qMOaVJl+XNfDMWSXduzK2k77kPeyKEWXsVitGGVSOjGVwOVil7joRftN4udc/q8PUwy/B4uaqcl8M91rV3YpL7Hh9V7NRNfdnHmn29fx/egXBm1KujQivOrSo58d1XsvpkjG5bKzqaPQepOPe7+xRp8Shyrb5OzgqMVS3RrKuU/1swYsen2xxUTJ1DVub7FK0uRcupcE3fJzJ5HOTMya7S5buhX7i+PJRFGiFGbWosS5LYqtyq3Q3dskc21rexnyPYs7qRnyS22LC3pg18+3A3/I4p0+oT9vaczyerD08mftEgkIaYMQCIEEBCEEIQnkonkJCEEGixQ2CdLPAGLYXvX5DVr0Ojy92hwy2aUmmei0mR5cWKaXuvtlXyuGeL6ZqHFvC91J9y/J6bpuZwyuKfPuS+6M1rC6rodQg5QnNL98W9vkmhTnotO/PpxT3+1DTv05Rm6klf8AInTX36CCa7ZRlJV+JMuJyk1PStJr2nqMVzW3fF0/6lUPpbpqd9s3+ZWdeEEy1RaR0cqy6PpWj0d+jhin8s2pJKlSREEmk2i5NEFsURW5pgioah0C0GwCQHcvkVzS8gORFbyL5B6q+QLQMoedLyVvUL5A02Dv+5mWa/JHMg0ep9wPKZXkK3lCtry2B5DH6pPWBpolloreYollspeQGmtZhvUXyYlNjdzIunTwzOhhZyNPJnTwMqt8XsNZXB7DhBBYGQohAEIIRgBYBsDBYAC2BsDFbAhCWADyk5NozzkWyexnmzGwO7ca7Kb3HiyxKuxyqSZ08crhRyL3R0MErR0xcqOoV45fg8T1CHbq5p+T22Vr03+Dx3Vl/wCq2VWc+Wfq78F1kxRYmWS7U/uNEzaqfbhZww/p7sr03437kzXPN2Q25ZytFl78Sbe6L3m91vxwdbHmmRs2VtpWVKRX3XJtkvclhK0Y5GuHBjxGyH5OVejFY2K5fAJSK3LYzpdrO5+TPknsM5bGbNNJM1jj255XpztfJvJRk8lmaXdkbKz0T0899mAAJUFBAggQASJWREoFDUAKhCECIQhAGRGwJkYDY8np5IzXhnp9LmcpY5x80zyvk7PSc7leNvdcEsXb10ckcmRSk9n7Q9N2jnxyabhla/HBmgnLBDt4T3f3M712XRarLlqHp5WrflNKv+xI3nNx6bCr8P8AoaYwUk6PN4utYJV+vkl9lBL+48ev4p/4Wk1E4t9tyyefwkdNuL0DjGPLQO+FcnFWp1+ol24dIop8KT3NWLS9Rcf1IxjfFFHSjKPgtjK+Wjh5YazBJxeSvuYXrdd31GbaImq9U8sd/ddCSzpftRw9Nqck8qjKTTfJ2oRh2Jt2XZqqcuscF8GV663+4GvUZScUzPi0lq+SNaa8epc3szR3txMePH6WxasqSBouXNTpFPqyFnPum2GK2C6WwyMtU7KFyXRaCaCUmVyk7LG0UTYIsTCUqQ3eFO+CqToPcKwbNBl6ozRdDp2Rdt+Fo6OB8HJwM6eneyDO3Sg9h7Ksb2LLKDZLBYLKmxJYpLIsEFgA2AWBsFgsCWCyWCwDYAWADyMmZpy3L5My5OTmoN7jRZS2NFlSre46GmlaOajbpm3sdMXKxflezR5frEazJo9ROLaPPdaxtS7vBOT+XTi/pxEyjUxeTG4+S9FeTi2eWXV29+U3FWn02fBL3R9rQ82+6jpY6yadXzRzsq7ZtG8OTyunHk4/GbgIdIrTLI8Gqziuxvc0xZmx8l3BydoduyuUiXsJKqEhsJT2MWoy1Br5Lsk6TOdnn3OjrjHHLJTdkIQ6OYkogUBOAogUgRKCSiEa0j2AMQGi0AYFBnQEIQIhG7IFAAv0md4NRGfjhlVArcK9503J3y9NK1khcb+VuTBhw6jU9uZKWOcbi3/Y4nRtXJRxO7eGSe/lHZ1+OMM0liSjCXvhvW0vcv6cGZ7b3uM2phgwZZ48aUJJr9sVsjo4NDqp9k4YscIVahPZv7s48Yznkhk/d7k33ctWerwZm4J9233OmM2w5eKefT9Sxzyz7eyVyhfg6uq6xL116Cbglyc3qEYanUQyp1GCq0+S3+C1GKMWqmprn4J39GoXUdSlqcsVxbo6eLBihjTkk20c3WaKGj00ckblPlpC4urVFRnBr8ln/S3S/VY44sinHkkM2aUaVmaWpebIv9LZ19P6UYLgaNsM8eTu7pWbMGWEIbrcOpyQp0cmeXJ3PtQTcdDLlU5UhYxt78GCM8snujbjlSVhPKDOCi9itzotk0/yUSg2wXOIp2y+DM6g0y6LqgzcljKZPcscyie4TyTu3HiU1Qyk0Da5orkw9wCHkVNliYqRGE8mnDkOpppcHFwvdHX0z2Qajq437S1FGF7FxVGyWADe5QbBZLFsKaxSAsgILBZLAgLI2ACWCyWADx0mZ8jLJMzzZzi0knQ0GVyYYuixL6aUatNKmYu7Yv08vcbjnXU7lRxOuRvBJnWU9jmdXXfp5Gr3Fwuq8shciuLCmSXDPH9vo7/Vq0s7wRZXqcNrvS3Don+k19zS1aaOVustukx8sdOStixF2XEoyuim9z1b3NvHrV004q+dxm9zMpDxmZ035LSnJOi1e7czah1ZZGLWXPlpPcx3e4+WfdKitHWRzEKAggQIBkgIhkKMgQScjR4B5I6aQAaDQCgoagBCEoagPgMAuRgLkJUBgvcLARW3p+f0tQr4ezPZQS1Oi0WWdS9LI8M0/h20/wC54KO0k14PVdL1eOfTM8cj3cU1XiSf/wDf6gdHqmnx5cuKeKcO6EaS76OXLLkwycHqItPf2ytHQ0vTMbk+/I4r8myPS+lwuWTuyS+7ZWLlpycOpx+mlKU9/CVnZ0/WX6ahDDN0uWizHDQYv8PB/sXrNBL244os2zc2aer1OfZ4Pb9yrJpMmZbxo2/xLvZIPrye5dM+dY8egnFK2aY4pw8hWWTG72+SHkXsfyD0UvIe5/LA2E2HYk+R1BfJUyWEXKKDSK1Kg95QzSFaA5iORAWyuT3I2VyewUXIHeVtgsixoUrGspiy1BTIjIBsrJsMvedbSvZHGxv3nV0stkG47GJ7F97GXC/aaE7QbNYGQBQQAIQEBAARsF2RgAgCMhRBbI+QEHipMomO2Vt7nNaRkXJGxE9yjTHgvw/vM8HZfjfuNRiunCNxVGPqOO8MqNWnku0q1uSPpv8ABv6Ynt4iftyNfcjew2qpamdcWJs0eTKdvo43cWaJ/u/JqbMelfblafk1yfuOWft2w9BKHqRa4MU4ShKpG5MMoRnGmkxhyXHpM+OZufZO/wC5fPRR7JtTaaVpHK/iGtqPTjZl6eTLG4e2/wBWlbMmoz9zaK3llKG5U992bkY2VvclWRoKKiEoJPIAGRCUBBnwBBICnsGxSBrZgiWMGpRshABQA+AkDnSBQSWGQYPIbQG9wGXJ1ulv9PLHm0ciPJ0el5O3USi3+6NBXq9PKKxqfzT/ALDvL3Ok1Rl0ku7TRkvMd0WuvKo1twrTFotjJGSMnwi+LVc7hNLL8jRl3Kypvehl7diovQWVqa+SOYBbIVuf3CmA1gB5CiCXQHILK3yAzkCweAIBmxWRkfBBVIVDtC0G1kS5FUS1ASxZMNlUmVkYS/UOrpZbI48X7zqaSWyI3HbwPY1J7GLA/ajWnsVo1ksFkKqEAS0QQgBbQBZANgALABkAhCAA8IKxhJM5qqk9xLphk9yvyaGnHI0QluZsasvjtuGa6GGbUSrVvuxsON7IGf3QZv6c/t5PVxrPIqT2NHUIuOZsyrg82Xt7+O/qbA//AFCNkv3GCDrKmb3uc847YX6S+BkxaCjk6yme9xXNM85Je9r7nov86aODlj255r/qZ6OC+3m+QFewUsf7BKo7vNYVgQxCohPJA1ZESiWS6JQUeSUKhwoEIEADIWghYYFAQbDXsoB6sjjsE8SWTkLWxEgzotA8jtChk8SzHJxyKS2oqi9h0Go9XoJ+ppotfc3pe1fKOH0XOu14nynsdyEtuDTjyTVPFX4GpgUguSRWdBOVIEZN8iZG57RGxp1uQ0tTC5Ct7iOxtNJbssjIqbCmQ0usaLK47liVFQWBIJEBO0Wh2xGwFIwgbIpGgUMwBYaJYitDlVGiqRa2VyIK/J0tI9kc58m7SuqCx29PLY2Rexz8D2NsHsVtbZLFsllBsWyWCyCWQFksolksDYLIC2SwECpZLBZAPB2CTIBmFUyAlbGkPGHkaRZjVIdvcS6ImVmtuF2kPkW1FOCapIvm9jUc/t5rqsKl3HNR2eqxuDbOLe5xznb2cV/VP8y/J0U7imc2Xyb8buC/Bxzm49GHVOREREcnUbpnH1Me3VS+7s617nN1y/WTO3D1XLmm4zy4oV8Bb2Yu56XlyDyQj5IHNAoAUFEDCSgpUPQnA6bYIlAsYVhpLA3uEFBkUyxUV0HuC41Z3Ia00UJjxDeOezOKaFaoPc0BuwuVKxaGoAcrEQyYlbjBfS7Dmnhmpxe6PXaPVR1OnjO0m1ujxsZHf6NkSwyi/EisZzcdxNBlVblMZPxwP3GnIG/gMZ78hl+0z0+7Yg0uW5ZHdGZP5LoypEBkBIbZkpBNrIFi4K4tILkVDOQO4RuxWA7kL3CMCAtslioJAGRMVkugsONZUmFMKdsWyWCwA0a9M+DG2adO90Fjtad+03QexztO9kb8b2K3tamTuAQoNgASwJZLAAAkARgSyWCwNgGwAshB4SwMIDDQJbj+CJCZJdsWVAc7ewyZmhK2XWEasL3NTukYsD3NvhGoxXJ6kk8crOB5Z6PqOP8ATkecl7ZNfc58kejhv0El7Ga8Em8Sszte1lmmfsON9PRPbSmGwIhx07Sp5MWtX7JfejW+SnVK8DOmF1kmc3NOa/3SQPAX+6QP8p6nipHyREfJEGB8hB5GQXSUTcJApWiRCRBINkIGg37KQNEoM6AFDACJFFgsQhudI0LvZYuA9qDXhsqQHEcDdBdEcaQozYA5ZQEzsdJye5pnF4N3TsvZqYr5DM/x6yDXaqHf7SjHLuX4LLLtxs0dbxF2XgS5XsNTfICt+5lsLZVN00WQYF6SEbaCpAfITQqQe4XgF7lNLVuNRXFj3sDRJckCAIYgAEEYrGYjCxLImRihVlksrJYBbNGne6MzLsD3QWO1p3sjo43scvTPZHSxv2laXkFTsJVQgLIBAEAAQEYACxXyRisgNktgBYHiCIhGzDQuWxmyStlkpUjPKVsqCnTLYszJ7l0XsBpwv3G+D2OZifuOhB+wsc8lOu/w3+Dy2VVkl+T1GoXfDc85q125mjObtw+1N2h9O6v5K1wHC/1DjZuPT6rXYRd7Gs4u8QTKu7FJDEfBZ7SuS/3sV/sGntOSfIJfsSPXHjs1tWEASsSJ5GQETyF0lBRKCFKwoDImgn2ZIIVTRKQbkAhCACiJBFCU5GAFgMnQ9lLLEw1jkLAwsWtw1tKBQzAwxYroaEnCSkuUyA5Dn9vSabWqeKM/L5OjjzKUVR5nQZ+yajLg7sHa9vBXPPHXbbdfzA2Z1N3uM57hlY0GJX3Wh4sC4FitgTCLLJ5F8DeAJdB79xBfINL00/I1lKY1hNGsli2QGjNgTsWyWFMwMlkAUhGAAj4NpFY+J+5hXY072R0cb2OVpnsjp4nsWNRpQRUyWVTWAFgsA2BsBLAlgbsDIQEAGQoICAIPFCtjPYqkzCkkymRZIpkygJ7lsWUeS6AF2N1JHQxu40c+PKNmKVljnkOSLp/g891GLjls9LJppnA6rFcjJvjvbmphxusiFRFtJM4PZ9NqG8iJ7JjpnF2lQjBe5LsGnO1CSzSKp8I0aqNZ/wAmab4R6se5t5MoFEoCY3caYlgqIaoHcSw1uCQlgsKjWxXwWWBrYM2QUw2BEsLtLCJYQbEBCATcgSBNIQIGF9GTJ5FoZbBqUQ1YAWFoNChbIHP7WY3Tv4PQaXL3aeJ51V5O1opReCKi/wAhMvToQUmO4ysOPgtrYrjaqWw8WRxDGNBDhihO77DJhFlUQXuGW4EEkWUK0FIrGTBwSwhrJYqDYEbBZGKBYgiIawCBksjAWxsbqQjJF7oK62nlsjp4nscjTS2R1ML2LGo2eCCJ7BsqmsFgsFgMCwEAjZLBYLIC2SwWCyg2SwWCwPHSozye48plLe5hoGVSLGyqXARW3uWwkUvkeBRpUtzThkzIjVgEZyaW3XBxeppuN0dztVHM6jjuDLfSY+3Ai7RJeGDhjPdHGvZ9NOPeKLUU4n7EWpnDL27Y+kezIRkI0y6tbxkYp8nQ1SuP8znzW56OP+Xn5YUJKIdHnQNWRKwhqBRETciCjRAgCpZGyEDNAZcAoIWQOWGiXRLYUSEJYa0DARsHPIYNYbE4CmF2fwBATsdINTsOzYWi29iqToqZSQY3OSiuWdvSYvTxJeTiaafbqoN/J6KPu4I45VqxS2L0zPBUty1MrmdvcKYloHdQFjoiZX3MndQNLSxFEZWy5PYIe7AxSN7ABgsVsCkFWJhFTCEQiRCIAkISwIRsAAFYE90RsC5Culpnsjq4Xsjj6bwdXC9kI1G1cBFi9gmlGyWAlgQFkAAbI2CwWAbI2K2SwDZLAQDwXcSxQGGhbEYRGEKNHkRhi6YGqPBfiZmgy/E9yxnJvUtjFrt4P8GqL2M2r/aW+mJ7eZybZJfkngbOqysVeDlXtnpfi/aXIz6d2XnHL27Y+jMgCGWi5lcNznT/AHM6cncDm5f3M7cfpy5fRFuSkRchOrzIQgHyF+hIuSLggBF3GQA0hCAYTaNk3YB0EnaJBBZLDXQ2LZBWwlyMBijIM7DknkYgEWw6kIKGpdLHKk6E5VsMYNv3C5HToFtvskJVNP4Z6bRz78akeYXJ6LQusESuddJ8ETJHdAl7XYYO2CytT7nQ9bAMqEkyJCydgPCW5pjLYzY42aIqkEqyxZMngWTCEbBYsnuBMKuTGspix1yA9k7gEIGTJYqCVBIAgAaBQ4KCtWB8HVwPY5WDlHTwvYNRui9hiuL2HKogIKUMLZAAFgZGwEEBYLIAbJYpCjwoAgZhovkVhbEsIVsEXuBgivcUa8fBfFlGPguCVrxy2K9SriNhHywuLDM9vMapVmKTXr4ds7MZi+3qxvS3A6maPJkxOpms5ZR1wMQSybmG9jexz8v7n+TcYMv7n+TrxuXJeip7hFIdXnMQCYQqECAL6QhPAoS01gYAoJEQSAb3BU8kbJYrAlkIQMj4IANhUuiWTkNIKG7GiiJ0K59rdBrqGlLshRS3bsLd8gLIzbtEeg0L/Rj+Dz53dDK8MQzXVUqRHK1RWpbCu7DOl2OKstaKcXBoCFa2KnHcvYnkB8SouXBVFDoM1HwJIZsRgiqYiZbJFfbuFWIsiVodcAOGrAhkAEghIEKQjIFFEAQDRie50cD2OZie6OhheyDUdGL2Hspg9h7NKcFi2SwDZBbBYBbJYtkIC2BsDYLKDYRbJYHiGI2RsVmFRisNgYFbDDkgUVWiDGsqixrCVsxSNEpJwMeFmqriVhxOpK6aOZZ2OowuL+xxzGTvxpB1JGu7RkqnZpi9jnk64dU6YwidE7jm6bSTpMwy3t/c1ydpmOnujrgxmV8kZGtwuL7brg6OGqCGAovyTgGrBBZLAEtGwBr2pkoGgJZKsKiCRE7DsAVsFRsFgslFQxCJBIBQQN7EciiXuRy3EbsgDOTewpCFEIQgE8HZ0O2GJxvB29Ev0Y/ghXQjuiyhIrYdPcMngqZeUxH7qDJpMRciOVhVgaIjeCiMh7CDJip2RsCALQtDWCwAkOhQoCxMZMqsPcBZYGxO4lgOAWyWA9gb2BZGwLcT9x0MMuDmQfuOhhYWOjB7FllEHsWorVNYAAsqQ1i2AFhRslgslgFsAGAA2SwWCyDw9gYQMyocEsDYAIyJ0NQrKp1ItW5nT3LUwlacTpmyMvaYMctzTGWwYY9dvGRxHs2jtapppnGkn3MldcCvgvhJdqKvTch44pGLqx0lu1lr5A5pE/h5sZaVvlmem/KqnljRnb3Zrlp0vkzOO7N46Luq3yFTlTV7PkLgRQ+TTGqngVsZ7CNhMr0gUrAuCXQYMTYVyF7mVfJY2hXIRslA2NgqyVRLDKBQtkAa6B3AIXQhCEAhCEAhCEAhCEAh2tDKsUfwcU7WjivRj+CFdFS2Du2VKVbFsJBjSxJjV9wd1AUmwh1G/I1UgRY7CK7oPcCSFXIVYHgCQWwA2DuFbFTAuslldhTCHslip7jASwgJwASWK2LYFtgbEsDkDS2EvcdHBI5cX7joYHsg1HTxvYuT2M2N7F1lU9k/mJZLAJLFsFlDgYtkANgYGS6ANgsFkA8SBhIYUrAhmgpUBEgNDIEgK1yMmCiBVkZ0zRHKqMRdBXsZuTWOJczczP6avg2ShsV9u5i5bdZjFCgr4LVBIdR3GcSbaivtdBjCt2WL2rcOzRKaUTipJ0jm5F2yf5OndSdcHK1c/wBRm8EuWgc0kJLIUuTflkOunO8lpnNsW7ISw53sdybg7iWBEgi2QA7EsBAIQhCiEIQCEIQCEIQCEIQCEIQCACQCHb0u2KP4OIdnTO8cfwRGt7jwlWxW9kCMqYRruwxK4Oy0JpamFsrXAzCFlLYCe4smBSpgjQnsBsRSI2AGBAGQBIQgDIZFdjJgOiMVMDYEbFsDYtgPZGImGwGj+46GCXBzU9zdgYV1Mb2NCexkxPg0plU1ksFkAIAEKC3QLA+AXQDAfIGwANYLFshB44gSGVBINBIABQsVsAPkVhByFQvxMppjx2OddcY0t7FdWxbdEUjOm4btG8CqQbsy3osgf5B6TD2WimmTyzlatfrNrg7U8bWyRz9fg7Y9yR0xsccpXNIRxa3pkOrkDCiEAhCEAhCEAhCEAhCEAhCEAhCEAhCEAhCEAhCEAhCEAh1NI/04nKOppE/TQK6PMUKkGKdB8kZPDYuTKorcuQTZrI57cgZVICTlbAmV3uNFhdLVIncJYVYTR0xkVpjWCw5LEslhD2SxGyWBZYHIRMgBbEbCxGAbGTKxk9yB73NeFmKzVge5VdXE+DXF7GHC9jXF7FVaQWyAMKCwNlBJYrYLIGbBYLA2FNZBLJZUeTIQlmFFEZPAGArEGbFsADxSEsaLJW4spAS3JYqe5h0i1IVoFk5Io2L3O9gNESJpZadSZYpbFQUyNbXKq3FnCM6tFdtBbaVpkGTV6e8LpcHGPQZZt4pL7HAmqk0d8PThnOyh8AJZthAgslgFEIQCEIQCEIQCEIQB8cHkl2pb0xODb0+FzyTXMY2ZJu5yf3J9hSEIUQhCAQhCAQhAAQ62kVQX4OUlbSOvplUV+CFb1+0XyFPYHDDK2I6ZXFjA0ssSXBCPgGlVbhQzQAChkKhgIQlgsJRsAthuwhrJYpOCBrJYtgsLo9isFgsq6GyLkBLBo7ZowvcyWX4ZbhNOthka4y2Ofilwa4y2KrRZLKu5E7wullgsr7hXImzS1sDZX3E7iXJZissXuA2IyebXgZzJ3lEpUVvIPI8XCsiEHRWDeANkFYCtivYLe4rAgURcD1sYtdZC0MkFIdIzW9E7ScDPYRuxA1oDasRuhO7caN6aE7HikURZYpGdNzR5RJ2NxB3eSyOROJNUZskWkcXUxrMzvz3OPr4dsrXydcL9OWcYSEfJDq5IQNEoCEIiAQhCAQhCAQhCAbdEpyxZow2clTM2XBPD+9PfybtBa000mk29mNr4SWlj3Stoxv8AZvXTlkIQ2whCEAhCEAgAsADY1c0dfDwcnHtNM6uJ7EGtMYRDXsEMnTHUiju3LEyIs7iWJsGwGuwAugNlBslitgsCxPYPcVWGwGsggQmhslkIRdIC7GoFE2vjQJTGSHSG2piqpjKLLFGx1AlyamCntZZBUyzsBVGfNfxtOOZpjkMMZfJZ3mvJPBs7yd5k9RhUyXJqYNfqC9xQmNZi5tzBcpBUilMaJLkvivTAxFIe1RjdXSqaM87RqluUTRZUscJDoRDHpeU1iSYWIBBRgLgKiHQqHSOeTriZEugpAkiRulu2BoZR3H7NhtNKGrB2F3aBobXRIqhqDGIyRFI+GNjTLHFfCF7uxk2aRr4MHUcdwut0dJe7cz63H3YZfgT2mfp58hGA9LzoQIAIEAQAEBGASARACAJAOlpcTWCL7bt2NrFL+Hdrg16SP6EI/YmsxXgkvsct/s7eP6vPkRCI6uIkIQCEIwAQhAgFbNHT07uJykdLTP2Ig6C3RGgRdocIrHTA1uCgHsNiJDJENC3sC7GULHWMnksxVNNk7WzQsdDdn2J5NeDMoMbsL+0WieSzBV2h7SxoFIbXwJQUhmhkiWkwL2hUfsPQ1bE214q+3cZJEImTanSQyEsncZWLHwIwdwrlZNNbG9xluVp2MiosGRXe46CbWRLFyVpjKWxK3KspIllfeK50Iq7upjeoZJZBfVGk2294raZmjlLFOy6Z2//Z'),(14,'geo','oliv','1241','35115','fotes','fotes',_binary '','data:image/jpeg;base64,/9j/4AAQSkZJRgABAQAAAQABAAD/2wBDAAgGBgcGBQgHBwcJCQgKDBQNDAsLDBkSEw8UHRofHh0aHBwgJC4nICIsIxwcKDcpLDAxNDQ0Hyc5PTgyPC4zNDL/2wBDAQkJCQwLDBgNDRgyIRwhMjIyMjIyMjIyMjIyMjIyMjIyMjIyMjIyMjIyMjIyMjIyMjIyMjIyMjIyMjIyMjIyMjL/wAARCAKAAoADASIAAhEBAxEB/8QAGwAAAgMBAQEAAAAAAAAAAAAAAQIAAwQFBgf/xAA6EAACAgEDAwMDAgQEBQQDAAAAAQIRAwQhMQUSQRMiUQZhcSMyFIGRoTNCUrEHFWLB0SRDcuEW8PH/xAAZAQEBAQEBAQAAAAAAAAAAAAAAAQIDBAX/xAAlEQEBAAICAgIDAQEAAwAAAAAAAQIRAyESMQRBEyIyUWEzQnH/2gAMAwEAAhEDEQA/ANmSGxwtfj2Z6KS2OPr8ftYyTF47JGssvyJVGnUwrOypx2PHl1X0Mf5XafHFs6mPFHbY52lW6OxjjsjjnXXGDDEi30xoxLO05baVwgM4FmOKsecS7FcI7miMSqK3NMVsa2h4LYMoW0NAbyWUK4bBx49x29hYyaZuVhbLgkN2Buwwe6JaHcLQvZsWvgS1uBncdyJUgy5BexLWoWXJTkLiuaOdqxXjezM+ZWzRAryoKxuIso7Fr5FkTbTn62H6DOXFe1nZ1kbwOjjwWzOuF6c77Y67dQn9z2v05kqSs8Xl2yr5s9X9PzqcWz18deflj6p019+GO5NcuyxOi+7DbB1ST7q8HZ5K5Pdc2XJ7Ga6kXxexGMjMWwis0wti9ixGeLL4sByEIFQUjFAYdFYysBgMlgABAkCIQBLAIUBBAArGYrCkYr5CxWAGxGxmIwLIliKUy1MzVh21XJXe4zRW0YaXRZpxsxxZoxsMNcWMyqL2LLKFYoWxbAtiy+MjLFl0WBemPZTYUwLbA2VtgsIexGwNitgLJlbY8mVNhXk6tM52vx3E6sUZdbjuJ0rceG1sKzmft9p0Op46y39zElao8XL7fR4/5W6bZo7GL9qORp/3I7GFexHDN0i6JaitLcuSOe2gjyO+AJDtbAVpOzRDgqS3LorYuxYg+RUxrEofwKtmPF2vwSjcrJotNAT3DHYiVNsbFjdi/I3MRBKitgQ7RELdtK/Ik9yxr3CMwquCEyxLIqgTRNqxSW4kkaHHcWcdhtph1CTwyONBK5LzZ3MzqLS8nJ1eD+Falf7ztxTccs7JXM1C96aPRdBl+w8/qebO79OW0pPg9HFXLlfVui5EodrH6mraZzei5rkjp6/3JHpjxVxZbTLocFeRVIshwNMZejEZCFc0SLIsRDoCxMLewqYbIoWLYWwFBGTEIgHslgJYBsDexLBYRAgsAFhBLCAwjYbFbClbEbC2K2AGKFsDAF7lkWUvkKkYyajR37iuSEi7Ho5xpEy+DKUPFmma2QlaLL2M8JFyZWUYlhkxGwLIsuizNF7lsWBoTGsqUg9wDtgsVyB3AM2BsRyFc0AZMrbI5oqc1YHBgirVx9t/YvhZNRG4HVp4jq8O2VnLjxZ3et4tmcKHwzw83t9Dh7xWYHU6O3pt4I4mLbKdvSP20efP07SdtEUWJCItjwcm9IlQ/gVjxQ2haLYiMeJrew1DVsKhvBNhoPkgIbBEpo0RhIhk/ujW0Wd3tFKHqsSVOcb/ACULqeneb0+6T+9HTHjyyYucja2LZwdd9UaXStxTi5J1TkYX9YYm/wBP0pNcqzf4Mmfy4PVvkVnmMP1zoJy7MuOeN3TfKO3g6no9ZjUtPqIZF9mcssMp9N48mN+2lMEuBU/z/MkuDm6KZumVzdoaditOibaY8qdNj9bw430fT5oq3sHItivqGTu6Ao3vFnp+PfccOaerHmdQtmdToOZpOKfBy8+8bNfRJpaijrx3tOSdbfSuh5P1Yb+Uel1iXpxaPI9Fl25E/hnq9S//AE0Wvg9UeDLpyM/JMUrQudp2DC9iMZemggths0wZDoRMawHsNiWGyiEBZLAJAWRMBgWQFgEgvcw2UF7ETFbImQNYUxbJYBfIGyWBsBWVsdsrbCBZLA2ABZMVbhe5EtyZRqVZB0W3ZXGO5aoHPTdSxogoZIumatgy5SKIj3Q0yskytvcDkI2XRpYpFimZrD3jRpr76B6hm7xXkGjTV6i+QPKZHkFeQul01PKI8v3MsshW8g0aanl+4jymV5BHNl0aLAsyxvGLDktkrgzS7eT61j9kvweXh+49l1iFwZ45qsjX3PJzx7vj3o0dsqOzopbHFk6aOroZHky9PS6SSHixErQ0TjttYPER8DQewSwZIaAjY0SwOhhQx5YoZDUVxe5MmSMIOTdUJ2luklkjjTcpUlyeW6r9SLHnlpscnB/62ZetfUE3lnjxy7YLl/J4vqWtlq0pOdtPyfR4uGYzdeHk57bqPR/836bJKeTVThli/Huv/sYesdfx8YNZkyXGkkqo8k23fkeOGUndHf04eVp1qFkk3ktt+WxXqJwbUG0jRi6XnzuoQdmjJ0DXwSlHC5InlIvjle3Px6rJFt29+Tbp+pTwyjKHdCS4lFmLLpM+CdZMbi/hiP77fgvtnent+l/WGoxSjDVN5cae7a3R7jR9R0+vwLLgyRkn4vdHxLHk7J/g6fReuZula5ZIybwt+6Cex5+X48ym49HHz5Tqvr06aEX7QYNRj1elx58UoyhNWqYx8+zV0+jLL6UZEmmcjX63Bj0WXTZFL1Zv2UdnIr2o4XV9PD1MEvNnTiy1kxyY7jmZE1jSfwW9Kl2auP3FzR2K9E61cPyejC97Yzn66fR+lTqZ67K3LQxf2PFdLl+pFfJ7DFPu0FfB65Xgzjl5W7ZML2DkFxv3DfbGU/XbRdBTEb3ImajkssZMS9iJlFlhsSwWBbYGxEwtgGwpiWSwLLJZXYbAIRbJYDNgsFi2A9ksSyWQNYLBYLKC2I2BsDYRGxe4DYHsURvcaO7Kmx8b3Cxqgty2irHyaUjOm1faxkthyF0hSWEUaTQWK2GQBpdFJZAMANithYrAjEsIpAGKMxfACsUYUoaBoSuLRRDk0wSaKjhdVxXBnh86rUSR9D6nC4M8BrodurkebnnT2fGqqXCOjoP3GCvabentdx4r3HsdmPCGjyCPA8Tz29twWhooj4JEQotESpjBo1tEfgIWgDYV/uRx/qfW/wAHoU+FJ0zs2rPG/Xmfsw4cad93g7fHm845c11hXhtbrcmoyOTl/Ixv3GiWJ13UKsZ9R81SoLyd7pGhhJd+VbeLRysePumlR6XSWsMTlyZdadeLHddDDCGOqgjp6bJCTSa2OVCW6R0NLjuSaPN29uunQy9J0Wtgo5cUJJ+Wtzy/1D9KYNFpZajFajykvB7HHiyKOzMnU5LJosmHM32yW23B0xzsc7xzJ8jnhlAr4fJ6/WdLcsbjKCvw0uTy+sxLFk7Ud8M9vLycdxr1X0V1aWLXLQ5Jvsy32b8SR75fzr7nxjSZ5afPizwvuxzUlR9lxTWXBjnVd0U/6o8XysdXcez4uVs0ZnG67tpYT/0yR2ZWkcnraUumZm/8iTR5sPb0ZenInTT38GXC+3OvyaG7xxk/KRmd487PTj1Wb3i930zJ78R7XQvv0UvseC6XO44ZJnt+m5H6U4rhqz2414OSM+VblUP8Qsyvd/Ypg6yIfbnl/LT5Y8eBLsY3HnRgTA2QofuJYoUwGbBZHwAKZMNirYIEsYUIBJYCAGwNkA2BLBZGwEDWKyAKIxWEAAFGFASQ0GCTBB7gbMTNcXsjFiZrg+A0chAWVNgxWFsVsioxWEDAArC+AMAMV8BYGArAFisAMUZiMAMRjMUCyPJpxvYzLk04+AyydQjeNngOqw7dU2fRdZG8bPBdch25r+5y55+r1fGvbnL9pfoZVkSKI7xobTPtzo+dHvejg7imWRZRidwRYnuefL26RbewYvcVcBRYWLURgXAGNoe9gXsRPYg2aC1Z4362xPLrdFFLaSf9j2Pa23W/4PP/AFXpNTDNoM2TT5IY+2dSlFpb8bnf41/fblzzeGnjZdPTm4wVIq/gblTjwdbE/wBSTq9uQyjW/wAn0MstPBjhusWLRQjVo1OWHEvfNKjLqdS8aaXLORlyKTdtt/YxMfLuuly8fT0WLqWhU3H1d/mjqaLWYW4yhki1+Tw8NJ/Ed1Sm6V7+DNjlkwyqGWS/DNfihOe/b7Dh12OcO1NJryDIlmW9NHgOkdRz2oyk5Ho8PUpQSi77nwjleunpl3NtOs0cZQdbM8L1jp85ahLtpr+57fNrVhlFalxxuXCnJKzn6rNoMjhKep09t7P1I/8AkuEyl258txymnjOj6FZetafT5N08itH15KMF2pUkfO+k6fFj+qoZ82THDBHI2puaSPcy6jonTjrMD+6yJnL5eOWVmmvjZY4y7rVNqkc3qkPU0Ooi+HBv+hojrNLmnHHi1OKc3xFTVsXUQeWM8V/ui1/VUeWY5Y2PT5Y2dPL4JrJpMcvsirK/1f5A6bNS6fHbhP8A3Y2allPT6y0kn6vT9Jy3o8Ul4aPddKndr5ifO+iTvRzjf7We86RO3jd8o9eFeHki7N++RQv3pmnPvlmZL3Rb7crNxrTC2JB7DNnSPMKCKhig2SwEAKYyEsiYU7BZEAolhTECgLSWIGyAtgbsjFYEYLJYCA2SxbAUNZBbJYEYtkbEbAjBF7gb2BF7gbMbNcOEYcbNmN7INLrFJYG9iojFbI2AiowWRgsCNihsVsANgbIwMAWBhYAFbFYzF8AKxRmKBYtjRjZmsvxMRKOoV42zw31BCm5fB7vIrxs8d9Q4v05Mxyd4u3DdZPNY3v8AkbHtnRXjdbj325Is+Z9vp309Dp5XiTLzJpZXiNNnny/puHTGUiuwpiKvUtg2Vp2ghFq3BYsXuC92Q05/XNfPRaSKwus2R1F/B5XUa/V5IPFPWZ8lu2pzcl/RnZ+poSctPNXW6PL5W550otbcnt4OptMteOqu0UJVNOTe/JdK5bLwNhcYad/L4EUlHk9G9vFNTJXl6etRDfZnF1/SMuBqcLa+x6bDlXdyboQhmpPyYmdldLxzOPn0MWrjNrFlnBNbpPkmPQ6h5babXyz6N/y3De2KLfzRy9bgjjn2pVvwdfy3TnPjzbn9J0fp5UpqzR9TuWj0fqYm1PZJrwbenwXqKuSfV+Nz+n8uWknDt3/mcsbbk7ZzWD5y8jyTc8jc5vmUm22MpLyr/JUFN2j2PnLu91vuBz8JqvhAhvFyTdRXu28Fks+CXTceFY2s8cjlKfhxrgClzppr+zPo/wBJ63NquhY55puc8c3BN8tKj5ofQvo7b6c7vjPL/ZHn+TJ4ben41/fTPo4elLU4vMM01X2uwar93I+8Os66D4c1JfzRXqF7kef72909Oz0CXc8uO+dz2/SJ/p49/J4D6fnWucP9UFR7bpc2sfb/AKWerjePkd3Ptla+UYm/7M15ZXNP5RjnSbX3NVyjXCXsRHLcqxy9gbtnTF5r7WpjWVJjWVFvcARMawCQFi9wFgLFshQbIAhA6ZBUEBmAFksAMWwtiN7gNZLEDYBAyWK+ACxGEVgB8Cxe5GInTA14mbsb2OdiZtxMNNIrexLYCmkbBZGAgLFYWKAGwEZAA2KEDADYCMDYEuxGMxWAoA+BQHZbifBTZbjBWl742eX+oMd4ZV8Hp1+xnA63Duwz/BM501x39o8HHkskvdFlctsrX3LJv2Hy8pqvrT+XZ0crxGuzndPl7NzoLg8+f9N4+jDJldjeDG2l0eBiuPA1jYdOhZP3CuVCuW4RzPqCMsmhg4q3CTb/AKHickMuF93crb4Po2XHHNjlCVNPweZ6n0HUuUpaftkm2/c0mj08HJ9Vjkl+mCCSww38FGWe5phgljwRU/3JbmHLyz3R47FmDNUrbOrp8/DR5/HL3G7HlaS3MWarphenp8WpkltVnG6nnjHVQU2k2rNGkzRUVKTs53W9Lm1mWGbClSi4tFnbduorj1rR4NT24pKTvd2aPqLqsdT9MZcfpyisldsnHaVNHlsvT3gyf4bUm+T1fV9ZHL9JZOnZmm9Pii4f9L5aNySWacvLK43b54iPggHwd3hdvpOryQ6L1TRQavVQxx7e1XtNefCO1L/hp1n+DhqIZ9HkjNftjk3X2Z5HHneLDkgm05fB6PQ/V88OKOPLGXqLbu7nX9DN268cxv8ATFrvo/rnTk5ZtFKaXPpPu/2PT/SEXH6eljlFxlHUSuLVPhCab6vyZGnNuSu7i9z0+m12n6nC+9d9Xfk8/Nblj4vTw4445eUeW1acPqCfhTxRl/RtFepfk0dbxywdd07v2zxNJ/hmfU77nDL6erH0t6Nm9Pq2DerVP+TR7np+SsmRf9R870k+zqWma8za/wD3+h7/AEEv1sv/AFRTPTx+nk5fdehyO1jl8mfL/iP8Fnd3YMf2Ks3+J/I61xWYXcC2tzNp3s/yar3NYvPn7RLcsXAl7h7jTJrJ3CWCy6Dti2CyAOmMmVphTAssgiYWwDYbK7GTIHA2CwNlEsV8hbEZASWKSwDYAWQAisYRgKytvcsK5cgXYnubsTOdiZuxMrTXZAIgEIwAZAWKRgYEA2CyAADCK+AIKFgADAQDADFC+AARFuN7opQ8HuBti7RyurxvFI6eNmLqcbwyF9GPt81z+3VTX3DJ+wnUF2a2f5EW8WfL5JrJ9jju8W/pc7uJ1U6OL0qVZGjsWrPPye28PS2LJJ7FakHv2ObazHL2lkZblMJIMX7mNIvbEnVoblCZFcKQQ75+xXJbSsKewHe5Y1Xm9TH3z+zr+5yNTHZv7nW6hNY9Vli3W5yM72PqY/zHgvusbdSLlKo2ZpupEhKTlVbFSVpj1FY2+50ixdb0cUlPI5X/AJUZZ6aEo+5WyiODT4JqUo4382WaO9uvh6podVN4p4ZwlVwk97Zyup5JPp+olJc7f3NOmwaP1XmwyScYt9kXsZerSWPpeSCfLSos1s5PTzZGr80KFnZ4llYtvcyqSV7Mhdp9LqNVPs0+DLll8Y4OT/sVZNkw554Z3B88noemdQyJLJjuL8nG1HS+oaWPfqNDqcUP9WTFKK/ujZ0huUJR/wAq3s55zcduK5TLT0GXU5tdLDlnLfFJq/s0W53sZ9DilkySiuKsvyx9i/G55Mvb3cXph7+zLiyf6MsX/ev+59A0E/147t90D55qPbhn9t/6Oz3uijKH8Lk2lDJFds47qW3hnficeX29NGV6dfK2EzS90fwDC16En8NEybqLW67mjrfTz/Y6eV5JGtGDDLtyteWjWpFx9OHJ7WsAnf8AcPJ0czhFJYDLkIoSKHkYAyABGEBQBr2AQA2BsgoBbAyAZBAEsWwhiC2SwpxWCxWwIyuQ1iSYD42bMTMON7m3CwNqYRIsYrSAZAMhUIQVvcMo+QEBYWIwAYG9wVGBksDaADFC2BhQARgAYMXuhLDF7hW3GZ9eu7Ey/E9hNUrxMv0zPb5l1mHbrpP5M8X7Tf8AUEO3Vd33OfHeJ8znn7Pq8F3gs0M3DVV8nds85gn26yP3Z6BPY8/N9O+Ps9hb2ASRxbhoumWprwZ4stiwVoUtiN7UVxl9w3yBE9rFcqYqdxA5DY8x16TWqm1zZw1qa2k/5nV69kvVZPsecyttH1eP+Y+fydZVoyZE3sxscq3s5rm0xo6iuWdPDbn+TT0eCOPIlb/JpXQNHqbU8sl+Dy38dOPEtjTi65kx7dz2J4WNTln26ubomHpcpZsGVyUl20+TldajL+Ctft7jfpte9fjnbfta5KerYnk6akvMkS3Wa2eWPTydG3Q9Oy66aUZRhDzOXBbgWj9bs7G6Vtv5L8muh2qMYdrXElsdbb6csePGd2u7ofp3pOFRlnnLUz5p+2P/ANnXza/HosXpaXFjw41wsaSPHR6nKKSi5OT+EacWPqet2hgcU/8ANkdI5WZfddJlPqPVabr91Fy/Ke5oy4OlareemxwnLdyxpRb/AKHExfSvV4wWSGo0U21+xZaf+xmzLqXTpqOs0ubD4Tkri/w0ZuP/AF1mW/ce10+h6bDDWnxptr9zlbPPdY0r02Vtf4cnsZ8Orzxxuac0jTi1sNev4TM7k1s/g5adMctOFmXfCcPlNHrvpbqMcfSNHp9RF5dK6tXTg9t0eUzY3izzhPaUXR1fp2V9NUP9M2v7nbirly99vpPoTxwyxi1kxt+2a4df9yjJLZU9lKx9DrXg1mZZYeppsq7pY/5cr4Y2u0/oRWbFJ5NLNrsn8fZ/DO3t5/tnxu9RH7qjauDBH258bfh0zfEuHpy5f6FIdACjbjYlkQaJQUyCJYUwGCuBbJ3FDgFslkDEFsFgPYotkbCCwNgslgBgsLFAhCWQKDYLCwAKxZcjCyAOPk24TDj5NuIDZFjCRGsrWxsDZHsK2QRsBLAE0gCWAESwEBYVBSNi2BAWSwPgAMBLJYAiMhIOyyyRqteFD5oXjZVhkXydxNMfb559UYuyTl9zhYXaPVfVeO8UnXDPJYWfP+RO30/jX9Qb7dTB/c9Hjd44v7Hm820oS+Gd/TzvTRf2PNyd47emdVqQspU6FUySps899tCmPFlNjxdBdNEabpjJrcpTfJO6gaPHhiy4BCVbEcvFEk7V4rrUu7qGb/5HHyJHS6rkUtdm8vvZzZPc+tj1NPm27trPkhaM81RsluUZI7HXGuOUZZNlui0eq1+ojg0uGWXJLhL/AMsrad1X8z1v0r03X59LOWj02ScZO5TjHhL7msstRnDHyunT6N9G6nT6Jy1uq0unyylfpvIpOl+Nga3p+knocumnN7/tyLwx9VptZgxvJHG5V+5LlHEz9QjbhOVfY8+7ldvV1j05a6bF6hxxqUovhvZs7EPoyOp08ZY9S/Xe6jJe1/azA+o4scrUlfzZ2uj9bwKSi58vfc3bl7Z/XenJx6WfSc7w6nF6eePN/wDb5LsvVp0qnx8cHq+saXSdd6f2d9ZoR/SyLmL/APB8r1cdRps88eST7oumXCTL2xnbj6eow9ez42ksj2+518X1bKKjCb7o+U1Z8/00ss8iUW38nT9GUEm3ZcuORMeXJ7t9R03UcbcHFSr4o50I48OZtJJ34ODpcuXDVJ0dLFlnNdzW5xuOneZbauq6f1oLUw3a/d+Pkr+n51DPG+Ml/wBkbNI/UThLeLVNGXRad6TqGqx9tQnUoP8AkXjMvT3Whn3Z9L3PaUIJmrRaqeGGTDNPJhnHuniflryvuc/STSwaLIuVa/ozZ7Y67s8d0o/7npxefJbqtP6UYZcUu/DOXtl8fZ/c0qcVu3SOTi1GTHp8uJO4Tiri/wDdHQxSxKMV6V7eWMXLkn20+rD5RPVXhNlUpRSuONIEMzXg25L1kk/BLZXHI/sFzdAM2FMruyJsCyydwjABZZLK73GAPcSwAYDNgsVgCHsZMqsZMB7FbJYrCjYbsrsKYDAsIoEbEYzYj4AaHJrxMwxe5rwsDdBj2VQHKuhbARgsioSwWBsA2LZLBZRLBZLBYAbFI2AgjA2QAAIQACY2XN7GbGy8kasaMLNNXEyYnubP8hqMV5T6nx92nyHhMcqex9F+ocfdpsi+x84XtyNfc8fyI+h8W9H1DuH4Z19DNz0cd/Bx83+Gzp9KyJ6VL4PFl/D2f+zcm0PJtRTEb2G7rijzNxW3O78F2O/IknsNCRWl6WxGvuIpMEm20kt3wJ3dIdNJg1GWOm008s3VLYwavqmHTY8s8cXmnB9rjDdJ/c81qOuarUKePWfsb9vaqUT38HxL/WTny78dRztTk78+SV8uyhkyTj3upJrxQl7np0+frSSKpMsZXKvJYzVUcM8+WOLGm5zkoxS+T6Ro467Q4ceh03fDS4YqLcZNd0vN/J5r6X0Cnq5a6aUoYdoL5kd1dal63pPJ7IvZXyZ5L03xyQnUtdkweyMnGT8nJxaPHqM3fnale7s9Blw6bqUazR54a2a/mcnW9B1mmXq6HO8+Nc45fuX/AJOU/wAdcv8AVOq+nOn5o3CXY/szxufHLR6iWNS4bpncfUcii4SlKEq4ZwtfPvy29z0YSvLyWb6dHp3XdTpaXe3/ADH13p62fquu6W7o4SlVM6Og1EPWUZukzVxk7jOOVt1WzDjx4oLsST8lneoytqxNXljDUKMU4xaV/I2XS544P4mDWXC+ZR/y/knjvuu348tdLJaiWaoqkbtJGVU3Zx8U6l3NbnS02qcXvVHPPEwrv4IrHunuaopZI7q2lscSPUItc7nR0WrhKlJ7nLuO25Xo9I+3RYk//byOP/c3ZZVq4T+ZKX9UcdTcO2p+170dLLkjNY3GV1GP9jvhntyzxqSVZZR+G0bdPJSwwfyjFkv15/eV/wBS/RzTxRS8Ojpi4ck6bJcFXkbuFbOjzrITLL2M0JF8QqxMnkCI9gHsDYtgbAKY6ZTe46YDsDZLEbANkAQgIUxboi3AexWQjAUgGEB0QVBC6BsST2CxHwQSLNWFmOL3NWJlNN8GWWU4ywKNkYCFNoBsAAILZHyAA2ABAIwEYGQQUjIACEFApxvcvT2MsGaE9jMbq/HLc2xdwRzoPc3Yn7Tcc653Wod+CX4Pluf2avJH4kfWOpK9O/wfK+ox9PXZPhs8/wAmdPZ8W96LL3Y2jT0mVKcPuYVL2F/SpVqZp8M8Gt417re9u43sBSpAXBP8p5XWJKba2DGTtWVSdLYfFGc2nxHyzeOFyuo01JXSXJh6lr/4SDxY5Xna2a37RNd1RaeUcOCuffNeEcvWSUsjzRdtrk+n8f4kx/bJfFypat4NSu/JKEJ7SlHw/kTVZOySjqUpY5r25IrZmbXQlki397H0WdajTPTZt4rj7Hr28+Vvl4sWqwpfqY5xlHx2+P5GeOplD9y7i3Uad45SSTSRlljfyYrx8su2pamMlzTGUu+knbbSSRgcdvg6nQNO8nVYTyK8eFOcl80Ys6cZt6rJ2dM6Vi0UP8WryflnJi5ObkuTXqsvrZZTk7bMkpuMWlKjle3WWSNOPq2XTKnx5Ohh+oE1d7Hieoauff2rJv5Mum1GSMt8jr4Nzil7rneWvR/UOq0mdvLjxqGTzXk8tkl3uy7VZvUf7mZ06OuOOnK3YHb+n8eJ5p5MkU5R/ZfycbuT8UdLpuR4kndbldfj/wDkj0molpNUvT1UEn4ktqOPlxZ+k5bTc9PP+kjZln6kU/koWo2eHMu/FL+wfU5ZKyuEMkfUwNNeV5Qkc0lytwTx5NHleTE7g/8AYLyY80fUSpvlLwZ0+fnhv/6shll8m3DqcqVQOdj5o24Hwc8pGcdx2tB1LUOfZlftPQYNQ5Qvx8HmcEU0mdfTZaVPg8/l4131uPSyyRm+6Lu4R/sqLdC325o/9d/1OPp9R6cvlM6ehyL1tQlxLta/uejjzlrz8uOo6CYGJb7UvsTuZ6XkKkaMcilc0WKyWDRFjFSewbIHfAkmRvYSwCmOmVpjJlD2EWwWQMRuhbBYQ1kvcWyJgWLgjFsIVCAtAXIDgZAMNQGJLgZiMhoq5NWFmXyaMZRuxsuKMbLrKCBkA2DSMDI2CwAANgZACEYAIxWEDAgCNgtEAfICN7gKMsXRfF7GWy6EjMbq+Mvcb8Uvacy9zbhlsbjnU1q7sDPl/XI9nUH8M+pZ1eJnzX6lx9mrTOPPN4vT8e6yclftRZoJ9uvp8MqhvH8C4pdutxs8OMfQr0t0hO72id/2KM2tx6d+9No4cfFc8tR3xa1GKTnll2Y47yb+DBPr+FtJQePDdRfz9yZdZp9XhleSoVvH5MGqlhzYezsilWzS2R9fi4MeOf8AXXUnbbnhilibgl2zXKOXhmmpY5PeLop6frpQf8PN3T2YuafbrFN+dmjtvbNzntNXijGL28HGwTePVtcJnbyT7vGxx9dj9PKprYxXn5p35Rp1sXkxKae65+5y3zTOnGXfgTOfmjU9vJK48nfZVC+Dv9Nx/wAL0v1qqWd7fhHM6VpI6zWxhkl24YruyS+x2tdqY58iWOKjiglGEV4SOWVcdM08r4+DDrdR2YW03bL5pt7Mw67DOcVW6RnGduPI5Lbbbk22DlhkmpNNFmHHb7nwjvtxk2T05dvc+ArDKUbSLJXkl2rgvw0vaht1x493tlhglKdNUjoRxrHjSiI1TLYvuVB3wwmLRp8ryQcW91wGUsahU5U34MfdLHkTRbnUcse9Kn5DvM7oPU7W4P3Y2UNPFJuHDAm2qZFK4uL5+SOVv+nhPe/k24pUjmxdbfG5swz2RjKOFvbtabJ7VbOpheyaPP4clNbnVwZtkjzZYu+GW3Zx5KRv0GoWPO+9+2So5GKdrk0J2jGOVxu2ssZljp6q9r+dyXsczp+t74+lkfuXB0nJUfRxzmU6fOzxuN1UT91lqKUy2O6KwsRYtyjurYeMiCxlYW7FQBsKYpEUPYbEGfBBLJdC2SyoNkBZEA1hsWw2RTAFIA1ktiksKN2KwWBsKHkvxsz2W42BvxsvvYzYmaPBQbA2SwNgRsBGyAQFksFkEARgAlgbI2BuwA2AjAwIwWSwWBgsvgzPwW42ZbX2bdOzDZqwyNxjJqyfsaPnn1XjayqX3PoLdnifq7H+n3fDM8s/V04b+0eTxftZXPbPjl8SDjkGcFkkl97PnSfs+prcduWeGOHfN0jm5s2izNqWpjb8Mr1Wb1e2K4j4MGozaRrsz4U38pHv4sJhjp23ZNDPDm0uRz07WoxvxF3RTny5sX62Fvsf7sb8FLw44tvR6t45c9smUvU6vTTvOu+L5fKZ0tcbyWNMu3Mo6nBVr98V4BqsnqwU47tb/wAjBOUsE/W0sn2S5XwXQ1Ony6DKnGa1Lku1/wCWvJNsfm+q24sqyYlIq1eP1MTvlGfR5a7sfh7o1qalz5Jt1lmWLn6TI/TcHyhc0dwT/Q1l+JFmR29g4z1pd05OOLI6pOka5Nt2NDD6GlxQf7pLuYrR5s65VTO3snRjzSmk1Z0O2ldGTPFWXGuWc6c6cO7cChKMaXBc0BneLjhNbLGKjG0SD7Z2Gv0xJXQas1F8t2GLpiJ90EFJ+EG5drJVL4QcTblSTkuNt/8AYCvg7/RNV1PQavSdX0nTMk8enl78uPC+2Uf8yfi+TUm1yy12884OU6S5fB0M/wBPa7H9Pw65FQlpvUcJRi7lGtrZ7L676ZHXYsHVtDh78k3GMpYo9vPF154Q/wBG6LqOn0XUul9V0Gqhos0XK8sNk+JVf5Gnn5M+tx8yk03aew+ny1Jp/wAhtdo8nT9fqNFlTUsORx3VNrwzLdSTXJK5eTrwnsbtPmaaTOThyJxRrxz4dnDPF0wyeh02VSo6KkmrPPabPWzZ1sObuVXsefKaenG7jbDI4zUk+DtaPVrNFdzqXk89GVuy/HlcJKSe6N8edxqcnHM49Ov22PGRi0urWfHT2kjRF7ntllm4+dljZdL/ALjJlaexLoqL7JZUpDWA1ksSyWBZYbKrGTAZsFgslgElgsF7hFlksUJFFsFisD4AayWIQAsDYGBhUfJbjZQ2WY2DboYmaU9jJiZpiwprJYCFEbARgsghAWBtgGwN7A7mCwC2KyMAEBZGACWLZCAYJDwkVSGg9zLo0p7GjDLcyJ7F+J7m4xfTfeyPK/VePu0kmvB6hP2nB+o4d+int4Jn6OO/s+bxluasSpd7MV1lr7mnJl7MJ5OPHeT7GF6VTScrct3yVThjq6TK55iieomt1FNHsrdy/wBJn00JK1sY3lzYm4veHlPc0S1b/wA2JUUzniyqnKUX9zLz53foqlCS7sb7X5i/JmlUMqkls+UGUex1YrfzuR5srtbjn6eaLTNsc273OY2WKbpbjbXHyePS/VyT7ZLwzXoMP8Tq8Uf8q90n9kc3JO1vud7peP0OlPNJe/K6j/8AEznW/LtZnyernlL77CpbEhHulZa6TqjzWopa2Zg1Hk6EuGYM9tUuX9jeDnlNsYKs6vTfp7qPVc+fDpcKebEk5QlKueDp9K+jNTruranR6rI8ENHSzygrabVpL55PRJtvymMeYUPbR6f6d+i317p71b1kMEI5expq3R63P9NfQ2DVR6Xk1csOonH25HqLlfw/Cf2KPp3Q6z6e6/k6Rnm8um1S9TFOKq5LlP70b8XLPklmo8TD6Z6nl1Wvx6TSZM2LSZpY5zS2ik+f6HrMP/DzDoMeg1nUNU9RgyZlDURxRajCL4d81dWzR9X9R1X0p1JdQ6VHG469VOeSPclNbS/qqPQ9E6g/qHoE/WxuMp45Ys+FNbtx5v4fJZjN9seeXUjyv1r9K9P6Z0fDqumaCeL08n6s+5ybi+HuaPoDq0svT5dE9Vz2ebHCK3fNr+u/8zsYtS9V9Py0jyYXrIZHodR3ytKStW6+a2PF/TXRuu6D6t0fbp82LIstLUdi7Gr3344stmqTPrWT6LoJYNNHU9Kzxangaz+nLdOD3TSfw7OD1j/iHpOn63Npf4DPky451KpJJ/dc8nR+pOoY+mfU/Rc2afbPNOenySXEoSez/CdHif8AiN02Wk63j1T3jlh2Oly48f2Ftc5N5f8AFf8AxJ0Uv+aabqqXs1WKKk/NpbP+ao8K+dj3OXqWPrX0J/C6nU4Y6nRJRxqc95qPFL8bHhW7d+UYrWWOl+DIoySfk6EJb/Y5MXTTN+LJ3RTMWEdDHOqOrp8qVL5OJGXBrw5qdNnnzjvhXdhk+C5SOXizGqOXY5WPRK6GLPLFkjOLa+TvabUxzY00/ceWjk3NOl1bwZFu6b+Tpx8lxrhy8cy7erjLYNmbHmWWCcWWpnunp4b7W2HuEFIi2w2VoZBTBsWwgGwpikAYKFREwHTGEDZAbAwWCyiEIBkWIwMjAwoMfHyJ4DDkiN+JmqPBjxM1QKqwjARgRgA3RLsCAsD5BYKgCAYIlkYAAFikYG6AlkFfJAMEmCDFkyY37lZl1dHDgc42x+z02atGk4blGsmoyrg3HO1bF+05nWl3aWS+xqx549tdyMfUs8Hp5JtcFvpJe3y/KuzUSXw2V6rNUUW611rJ1xZztZM8vFNZPqTLUVy1LhwB9SyKNenGS+6M0mVt2j0Wudyq6epw5N5YnF/MRO+Etk0/s9ivbyDtjLwzLHlkaVLjYRq//oZY2+LYHilF3wwxZaqlswxftYZp8y5EsONnjWrTYnqNRjwx3lOSR6fP2QUMGP8Aw8S7Y0croGB1k1cku2CqP5Oin3Tb+TjyV6Mf9GGyEky2tiem34OLbLLgr0+LLm1+HHgUXmlJdinxfg0ZYpIz6bqMuk9S0+tWNTeKduL8o64dued17es+hceqXW+qfxjcNRkcO/uVXJtu0af/AMkwdM+seq4ddOGPHl9N99NrujFXaX8zudH1ul61mjrtElkeyc4xpwp8M+cdc6nf1PrNZJzepw5lHHsnD21z/c9U6jhjPPK7epl136Q0uLBKOi0+o1OScp5tR6Tk02+Y2t+eD0sep6L6h6Jkn0z1p48VuE5VCskY3x8UcHRfWH031XT6dda0eHTyxxcU3j7u1/MaVoy9V+tuj6LouTpXRcff3QcIzhBwhG9r33Zvybyx+tOv1jSx6z9DZ5RyYs0HpfXxcN45Km6f8mjyX/DjqmHB1bLotTq4YceqglGcm1U1w7KehfWsui9Jno5aNZ7lcY91RSqt/wCe55LNlWXUZMihGCnJyUFxG/CM2/aSZeq+ifWmp/5Z1zTdS6b1DTxlqq9fDFqcbjxKUTm6z6410LhLR6aWZU4ZIZbivweL2TtRSDZi3bd48b7dHrPWtX1zVx1GsmvZFQhjjtGC+K/Jz8mWeWXfklKc6q5O3SFATa+Mx9GhN45qcf3LgyyTuV82aCnKq3Qc8iJ0aMM/cjJZZGVNVyWubqwlbL1KnZhwZFJc7mpM5WOuNbMWbc2Y52cyDo2Yci+TllHaVvhk3HeQyqa+Ru85yarVu3ouk6z/ANqX8jvJ/fY8NhzyxzjKL3R6/RZ1qNPGS5PXxZbmnl5sdXbapAbETGtHWuBkSyIlBE7h0yoKYFxBExkFElgZAGT2DYlksgayWJYbAYDIQAMAWxGw0LJDkVvYkGEbsTNmN7GHEzZjewVaCwWRsCMUjAUEBABKgHwSyEWABkYGwIK+QtigQgCAc+SETqSLJGecqMujv6LIuwxdYyuEZNB6fl7lVk6vjU8Ld+DTOtuTpNQ8lWwdRheGXurb5Memi/Uai9jZqNJ3YHJzfBfo8Y+f61OOol+TnareNnU6hBw1Mkc7NHuxbHml1m9+PeLnSkkL6i+CZE0JsdnDK3ZvUX+kKnfmhO6C5GU8PlMJKftm1tJ19heyS57he+D4T/qFTS4T/qGtxGr5KXGTn2pW26SLu9P8/B0uiaZZdVLU5I+3Bvv5fgW6Ys8nVjh/hNDh0nDirnXlseEaVCybnkc5O22XQR5M7t6MYKgyxR2DWweEYaYtSqj90cDWZGp19zu6uWzPN6yd5qPRwx5+a6ro9C6/m6PqnU8q02Rr1YY5U390aev9W6Z1TVR1Ok02XFP/ANzvl+/7/k85Y8Wd91ymS7lX5+QKTEUg2R18tmsV8hAwuzEBYbBKgCWEACTVpjSVAb2DnlGeKuVD5McsUqkqFa7Jo9P0/pmPq8IaeT7crXsyfBduWnAwXVmyErM+TDPS6jJp8qqeOTi0NCe5m9rOmxMdZGuDPGRZZzuLpMmqGWXyWrKYYyZZGZm4tzJ0ITbo9P0DU92Ltb4Z5HHLg7nQ83ZqO35NYdVnk7j1wbFi9iXueh5Fiew3cV2QBmw2LYAqxMdMpTHQFlgb3AQA2QWyWQPZAWSwGA2K2BsA2K2LYtgM2SLEJF7kG/CzZjZz8LN2JlaXgYLJYEbARsllEBZLBZARbJYGBGxWyNgbAhCWCwIwWRsFgc7JJIx5cu9D5chhySbZl107PTMtcs0dSzp4XTOJptR6XtG1Gqc49qZqMZdQMXtbaLsmWTx03tRnxS7qHzP20ajj5XbyXWklqbRyVTi/ydXrK99nIg92jy8nWT6PBd49ubnjJNqzP2s36iO9mXg64+kzwVKO/A9fYbkZQciszEnbfCD6bvgs9Jx3ckh1OKdPdh0xwipYG/Fs9JhwrSaDHgX72u6f5MPS4LJqHklGseP3O/L+DXlyvJmb4t3sc86txn0aNsvg6KYbotijzVqNMWmiZHSoSOyEyy9tkW+mLVyqNnmtS7ztnf1Uri0edzP9WR6eL08nLd0gULYUdnE9jJiWRMjW1lgsWyWF8j2FSKwphZksvcZMqsKYaxp3uL5G2YGguSrKrVnougav0Z6fJfE0mkcB7qjb0jI4ylD49wvpzvVW/U+N4uvZ59rXe+450Zp7pnus+j0fWcfdq4PuhH90HUuDm5vpLBBZ3i1GTujFSxqS2f5JKWV56Ei+MrM8oTw5Z48icZRdUx4zFSLroeMiu7InRmxuNkJnS0Ob088J2caLNWLLUlbJJ2tvT6Fp8vqYky29zl9My9+khudFI7R5auUth0ylMdMocIqYbCiOmV2MmA1kAQAkBYLILLAIEAtgbAQCAYSAKRchoAGnEzZiZhxs2YmGmm9iWKggFsFkAUGxbICwJZG9hSEEIyAYEBZGACWAgAPOSk3yyqe7sf3CSdGXW0jFvcEpCtljjlWvTv3F2ThmXBL3G1xuNm45fbyvW8W3clsefjL37HrOtwXoy28HkqqSPNzTt7vj5daLnh3RtGSUDfyqMedNS2LxXfT0VR20+aGjCb44Ba8q/sWxcp7cJfB0YidkYtXJt/CLIttpQxXfyPhwd01HHCU5PwludfT6DNiksupxxhGO6V278EuUjp6Rr+F0cMXalOS7pV4+xRF8WTNl75yk3dsEN9zjldue93bXBoujwZYsvg9jlXSLbKsr9tMa6Kcs9iFYNU/azz+TfJJ/c7mr2xy/BwW7bPVx+nj5PaIKAgo6MCQhCIhLIwANZG9xWTyUMnsFMUhFlWxY74KUx4u0HTHNGW6WXp6uPhSVMrIn2zjL4YSvb9LmpahQlJpTj4/B0ox7sM4tJtRr+SPP6XK4SxZF8bHe01yyemnvNdrb+WYrU7jz/VtBHU4vVgqzRe7+TzsoywylDInGUXTT8HtM8WozT5i+f5mbqHSY9QxrJBJajtVS/wBX2ZqdueXTy6mN3FU4ZMGWWPLFwnHZxfhhUi6TbRCVl0VOUoxhvJukZsbbklFW34R6nofR5uaz541XEWia7Nu50zTvFpcafNbnUStGde32rYvg7RuOVvY9oYoahkikCibllAoKQdEoiQBJZAAQhCEBIQgEIQlgQAO6gdwDAFcxHkINWNmvEzn4pG7E9itNcWEWPASggIB8gRvcUhAIAhCCMDIwMCAIACAIKBw8qMOaVJl+XNfDMWSXduzK2k77kPeyKEWXsVitGGVSOjGVwOVil7joRftN4udc/q8PUwy/B4uaqcl8M91rV3YpL7Hh9V7NRNfdnHmn29fx/egXBm1KujQivOrSo58d1XsvpkjG5bKzqaPQepOPe7+xRp8Shyrb5OzgqMVS3RrKuU/1swYsen2xxUTJ1DVub7FK0uRcupcE3fJzJ5HOTMya7S5buhX7i+PJRFGiFGbWosS5LYqtyq3Q3dskc21rexnyPYs7qRnyS22LC3pg18+3A3/I4p0+oT9vaczyerD08mftEgkIaYMQCIEEBCEEIQnkonkJCEEGixQ2CdLPAGLYXvX5DVr0Ojy92hwy2aUmmei0mR5cWKaXuvtlXyuGeL6ZqHFvC91J9y/J6bpuZwyuKfPuS+6M1rC6rodQg5QnNL98W9vkmhTnotO/PpxT3+1DTv05Rm6klf8AInTX36CCa7ZRlJV+JMuJyk1PStJr2nqMVzW3fF0/6lUPpbpqd9s3+ZWdeEEy1RaR0cqy6PpWj0d+jhin8s2pJKlSREEmk2i5NEFsURW5pgioah0C0GwCQHcvkVzS8gORFbyL5B6q+QLQMoedLyVvUL5A02Dv+5mWa/JHMg0ep9wPKZXkK3lCtry2B5DH6pPWBpolloreYollspeQGmtZhvUXyYlNjdzIunTwzOhhZyNPJnTwMqt8XsNZXB7DhBBYGQohAEIIRgBYBsDBYAC2BsDFbAhCWADyk5NozzkWyexnmzGwO7ca7Kb3HiyxKuxyqSZ08crhRyL3R0MErR0xcqOoV45fg8T1CHbq5p+T22Vr03+Dx3Vl/wCq2VWc+Wfq78F1kxRYmWS7U/uNEzaqfbhZww/p7sr03437kzXPN2Q25ZytFl78Sbe6L3m91vxwdbHmmRs2VtpWVKRX3XJtkvclhK0Y5GuHBjxGyH5OVejFY2K5fAJSK3LYzpdrO5+TPknsM5bGbNNJM1jj255XpztfJvJRk8lmaXdkbKz0T0899mAAJUFBAggQASJWREoFDUAKhCECIQhAGRGwJkYDY8np5IzXhnp9LmcpY5x80zyvk7PSc7leNvdcEsXb10ckcmRSk9n7Q9N2jnxyabhla/HBmgnLBDt4T3f3M712XRarLlqHp5WrflNKv+xI3nNx6bCr8P8AoaYwUk6PN4utYJV+vkl9lBL+48ev4p/4Wk1E4t9tyyefwkdNuL0DjGPLQO+FcnFWp1+ol24dIop8KT3NWLS9Rcf1IxjfFFHSjKPgtjK+Wjh5YazBJxeSvuYXrdd31GbaImq9U8sd/ddCSzpftRw9Nqck8qjKTTfJ2oRh2Jt2XZqqcuscF8GV663+4GvUZScUzPi0lq+SNaa8epc3szR3txMePH6WxasqSBouXNTpFPqyFnPum2GK2C6WwyMtU7KFyXRaCaCUmVyk7LG0UTYIsTCUqQ3eFO+CqToPcKwbNBl6ozRdDp2Rdt+Fo6OB8HJwM6eneyDO3Sg9h7Ksb2LLKDZLBYLKmxJYpLIsEFgA2AWBsFgsCWCyWCwDYAWADyMmZpy3L5My5OTmoN7jRZS2NFlSre46GmlaOajbpm3sdMXKxflezR5frEazJo9ROLaPPdaxtS7vBOT+XTi/pxEyjUxeTG4+S9FeTi2eWXV29+U3FWn02fBL3R9rQ82+6jpY6yadXzRzsq7ZtG8OTyunHk4/GbgIdIrTLI8Gqziuxvc0xZmx8l3BydoduyuUiXsJKqEhsJT2MWoy1Br5Lsk6TOdnn3OjrjHHLJTdkIQ6OYkogUBOAogUgRKCSiEa0j2AMQGi0AYFBnQEIQIhG7IFAAv0md4NRGfjhlVArcK9503J3y9NK1khcb+VuTBhw6jU9uZKWOcbi3/Y4nRtXJRxO7eGSe/lHZ1+OMM0liSjCXvhvW0vcv6cGZ7b3uM2phgwZZ48aUJJr9sVsjo4NDqp9k4YscIVahPZv7s48Yznkhk/d7k33ctWerwZm4J9233OmM2w5eKefT9Sxzyz7eyVyhfg6uq6xL116Cbglyc3qEYanUQyp1GCq0+S3+C1GKMWqmprn4J39GoXUdSlqcsVxbo6eLBihjTkk20c3WaKGj00ckblPlpC4urVFRnBr8ln/S3S/VY44sinHkkM2aUaVmaWpebIv9LZ19P6UYLgaNsM8eTu7pWbMGWEIbrcOpyQp0cmeXJ3PtQTcdDLlU5UhYxt78GCM8snujbjlSVhPKDOCi9itzotk0/yUSg2wXOIp2y+DM6g0y6LqgzcljKZPcscyie4TyTu3HiU1Qyk0Da5orkw9wCHkVNliYqRGE8mnDkOpppcHFwvdHX0z2Qajq437S1FGF7FxVGyWADe5QbBZLFsKaxSAsgILBZLAgLI2ACWCyWADx0mZ8jLJMzzZzi0knQ0GVyYYuixL6aUatNKmYu7Yv08vcbjnXU7lRxOuRvBJnWU9jmdXXfp5Gr3Fwuq8shciuLCmSXDPH9vo7/Vq0s7wRZXqcNrvS3Don+k19zS1aaOVustukx8sdOStixF2XEoyuim9z1b3NvHrV004q+dxm9zMpDxmZ035LSnJOi1e7czah1ZZGLWXPlpPcx3e4+WfdKitHWRzEKAggQIBkgIhkKMgQScjR4B5I6aQAaDQCgoagBCEoagPgMAuRgLkJUBgvcLARW3p+f0tQr4ezPZQS1Oi0WWdS9LI8M0/h20/wC54KO0k14PVdL1eOfTM8cj3cU1XiSf/wDf6gdHqmnx5cuKeKcO6EaS76OXLLkwycHqItPf2ytHQ0vTMbk+/I4r8myPS+lwuWTuyS+7ZWLlpycOpx+mlKU9/CVnZ0/WX6ahDDN0uWizHDQYv8PB/sXrNBL244os2zc2aer1OfZ4Pb9yrJpMmZbxo2/xLvZIPrye5dM+dY8egnFK2aY4pw8hWWTG72+SHkXsfyD0UvIe5/LA2E2HYk+R1BfJUyWEXKKDSK1Kg95QzSFaA5iORAWyuT3I2VyewUXIHeVtgsixoUrGspiy1BTIjIBsrJsMvedbSvZHGxv3nV0stkG47GJ7F97GXC/aaE7QbNYGQBQQAIQEBAARsF2RgAgCMhRBbI+QEHipMomO2Vt7nNaRkXJGxE9yjTHgvw/vM8HZfjfuNRiunCNxVGPqOO8MqNWnku0q1uSPpv8ABv6Ynt4iftyNfcjew2qpamdcWJs0eTKdvo43cWaJ/u/JqbMelfblafk1yfuOWft2w9BKHqRa4MU4ShKpG5MMoRnGmkxhyXHpM+OZufZO/wC5fPRR7JtTaaVpHK/iGtqPTjZl6eTLG4e2/wBWlbMmoz9zaK3llKG5U992bkY2VvclWRoKKiEoJPIAGRCUBBnwBBICnsGxSBrZgiWMGpRshABQA+AkDnSBQSWGQYPIbQG9wGXJ1ulv9PLHm0ciPJ0el5O3USi3+6NBXq9PKKxqfzT/ALDvL3Ok1Rl0ku7TRkvMd0WuvKo1twrTFotjJGSMnwi+LVc7hNLL8jRl3Kypvehl7diovQWVqa+SOYBbIVuf3CmA1gB5CiCXQHILK3yAzkCweAIBmxWRkfBBVIVDtC0G1kS5FUS1ASxZMNlUmVkYS/UOrpZbI48X7zqaSWyI3HbwPY1J7GLA/ajWnsVo1ksFkKqEAS0QQgBbQBZANgALABkAhCAA8IKxhJM5qqk9xLphk9yvyaGnHI0QluZsasvjtuGa6GGbUSrVvuxsON7IGf3QZv6c/t5PVxrPIqT2NHUIuOZsyrg82Xt7+O/qbA//AFCNkv3GCDrKmb3uc847YX6S+BkxaCjk6yme9xXNM85Je9r7nov86aODlj255r/qZ6OC+3m+QFewUsf7BKo7vNYVgQxCohPJA1ZESiWS6JQUeSUKhwoEIEADIWghYYFAQbDXsoB6sjjsE8SWTkLWxEgzotA8jtChk8SzHJxyKS2oqi9h0Go9XoJ+ppotfc3pe1fKOH0XOu14nynsdyEtuDTjyTVPFX4GpgUguSRWdBOVIEZN8iZG57RGxp1uQ0tTC5Ct7iOxtNJbssjIqbCmQ0usaLK47liVFQWBIJEBO0Wh2xGwFIwgbIpGgUMwBYaJYitDlVGiqRa2VyIK/J0tI9kc58m7SuqCx29PLY2Rexz8D2NsHsVtbZLFsllBsWyWCyCWQFksolksDYLIC2SwECpZLBZAPB2CTIBmFUyAlbGkPGHkaRZjVIdvcS6ImVmtuF2kPkW1FOCapIvm9jUc/t5rqsKl3HNR2eqxuDbOLe5xznb2cV/VP8y/J0U7imc2Xyb8buC/Bxzm49GHVOREREcnUbpnH1Me3VS+7s617nN1y/WTO3D1XLmm4zy4oV8Bb2Yu56XlyDyQj5IHNAoAUFEDCSgpUPQnA6bYIlAsYVhpLA3uEFBkUyxUV0HuC41Z3Ia00UJjxDeOezOKaFaoPc0BuwuVKxaGoAcrEQyYlbjBfS7Dmnhmpxe6PXaPVR1OnjO0m1ujxsZHf6NkSwyi/EisZzcdxNBlVblMZPxwP3GnIG/gMZ78hl+0z0+7Yg0uW5ZHdGZP5LoypEBkBIbZkpBNrIFi4K4tILkVDOQO4RuxWA7kL3CMCAtslioJAGRMVkugsONZUmFMKdsWyWCwA0a9M+DG2adO90Fjtad+03QexztO9kb8b2K3tamTuAQoNgASwJZLAAAkARgSyWCwNgGwAshB4SwMIDDQJbj+CJCZJdsWVAc7ewyZmhK2XWEasL3NTukYsD3NvhGoxXJ6kk8crOB5Z6PqOP8ATkecl7ZNfc58kejhv0El7Ga8Em8Sszte1lmmfsON9PRPbSmGwIhx07Sp5MWtX7JfejW+SnVK8DOmF1kmc3NOa/3SQPAX+6QP8p6nipHyREfJEGB8hB5GQXSUTcJApWiRCRBINkIGg37KQNEoM6AFDACJFFgsQhudI0LvZYuA9qDXhsqQHEcDdBdEcaQozYA5ZQEzsdJye5pnF4N3TsvZqYr5DM/x6yDXaqHf7SjHLuX4LLLtxs0dbxF2XgS5XsNTfICt+5lsLZVN00WQYF6SEbaCpAfITQqQe4XgF7lNLVuNRXFj3sDRJckCAIYgAEEYrGYjCxLImRihVlksrJYBbNGne6MzLsD3QWO1p3sjo43scvTPZHSxv2laXkFTsJVQgLIBAEAAQEYACxXyRisgNktgBYHiCIhGzDQuWxmyStlkpUjPKVsqCnTLYszJ7l0XsBpwv3G+D2OZifuOhB+wsc8lOu/w3+Dy2VVkl+T1GoXfDc85q125mjObtw+1N2h9O6v5K1wHC/1DjZuPT6rXYRd7Gs4u8QTKu7FJDEfBZ7SuS/3sV/sGntOSfIJfsSPXHjs1tWEASsSJ5GQETyF0lBRKCFKwoDImgn2ZIIVTRKQbkAhCACiJBFCU5GAFgMnQ9lLLEw1jkLAwsWtw1tKBQzAwxYroaEnCSkuUyA5Dn9vSabWqeKM/L5OjjzKUVR5nQZ+yajLg7sHa9vBXPPHXbbdfzA2Z1N3uM57hlY0GJX3Wh4sC4FitgTCLLJ5F8DeAJdB79xBfINL00/I1lKY1hNGsli2QGjNgTsWyWFMwMlkAUhGAAj4NpFY+J+5hXY072R0cb2OVpnsjp4nsWNRpQRUyWVTWAFgsA2BsBLAlgbsDIQEAGQoICAIPFCtjPYqkzCkkymRZIpkygJ7lsWUeS6AF2N1JHQxu40c+PKNmKVljnkOSLp/g891GLjls9LJppnA6rFcjJvjvbmphxusiFRFtJM4PZ9NqG8iJ7JjpnF2lQjBe5LsGnO1CSzSKp8I0aqNZ/wAmab4R6se5t5MoFEoCY3caYlgqIaoHcSw1uCQlgsKjWxXwWWBrYM2QUw2BEsLtLCJYQbEBCATcgSBNIQIGF9GTJ5FoZbBqUQ1YAWFoNChbIHP7WY3Tv4PQaXL3aeJ51V5O1opReCKi/wAhMvToQUmO4ysOPgtrYrjaqWw8WRxDGNBDhihO77DJhFlUQXuGW4EEkWUK0FIrGTBwSwhrJYqDYEbBZGKBYgiIawCBksjAWxsbqQjJF7oK62nlsjp4nscjTS2R1ML2LGo2eCCJ7BsqmsFgsFgMCwEAjZLBYLIC2SwWCyg2SwWCwPHSozye48plLe5hoGVSLGyqXARW3uWwkUvkeBRpUtzThkzIjVgEZyaW3XBxeppuN0dztVHM6jjuDLfSY+3Ai7RJeGDhjPdHGvZ9NOPeKLUU4n7EWpnDL27Y+kezIRkI0y6tbxkYp8nQ1SuP8znzW56OP+Xn5YUJKIdHnQNWRKwhqBRETciCjRAgCpZGyEDNAZcAoIWQOWGiXRLYUSEJYa0DARsHPIYNYbE4CmF2fwBATsdINTsOzYWi29iqToqZSQY3OSiuWdvSYvTxJeTiaafbqoN/J6KPu4I45VqxS2L0zPBUty1MrmdvcKYloHdQFjoiZX3MndQNLSxFEZWy5PYIe7AxSN7ABgsVsCkFWJhFTCEQiRCIAkISwIRsAAFYE90RsC5Culpnsjq4Xsjj6bwdXC9kI1G1cBFi9gmlGyWAlgQFkAAbI2CwWAbI2K2SwDZLAQDwXcSxQGGhbEYRGEKNHkRhi6YGqPBfiZmgy/E9yxnJvUtjFrt4P8GqL2M2r/aW+mJ7eZybZJfkngbOqysVeDlXtnpfi/aXIz6d2XnHL27Y+jMgCGWi5lcNznT/AHM6cncDm5f3M7cfpy5fRFuSkRchOrzIQgHyF+hIuSLggBF3GQA0hCAYTaNk3YB0EnaJBBZLDXQ2LZBWwlyMBijIM7DknkYgEWw6kIKGpdLHKk6E5VsMYNv3C5HToFtvskJVNP4Z6bRz78akeYXJ6LQusESuddJ8ETJHdAl7XYYO2CytT7nQ9bAMqEkyJCydgPCW5pjLYzY42aIqkEqyxZMngWTCEbBYsnuBMKuTGspix1yA9k7gEIGTJYqCVBIAgAaBQ4KCtWB8HVwPY5WDlHTwvYNRui9hiuL2HKogIKUMLZAAFgZGwEEBYLIAbJYpCjwoAgZhovkVhbEsIVsEXuBgivcUa8fBfFlGPguCVrxy2K9SriNhHywuLDM9vMapVmKTXr4ds7MZi+3qxvS3A6maPJkxOpms5ZR1wMQSybmG9jexz8v7n+TcYMv7n+TrxuXJeip7hFIdXnMQCYQqECAL6QhPAoS01gYAoJEQSAb3BU8kbJYrAlkIQMj4IANhUuiWTkNIKG7GiiJ0K59rdBrqGlLshRS3bsLd8gLIzbtEeg0L/Rj+Dz53dDK8MQzXVUqRHK1RWpbCu7DOl2OKstaKcXBoCFa2KnHcvYnkB8SouXBVFDoM1HwJIZsRgiqYiZbJFfbuFWIsiVodcAOGrAhkAEghIEKQjIFFEAQDRie50cD2OZie6OhheyDUdGL2Hspg9h7NKcFi2SwDZBbBYBbJYtkIC2BsDYLKDYRbJYHiGI2RsVmFRisNgYFbDDkgUVWiDGsqixrCVsxSNEpJwMeFmqriVhxOpK6aOZZ2OowuL+xxzGTvxpB1JGu7RkqnZpi9jnk64dU6YwidE7jm6bSTpMwy3t/c1ydpmOnujrgxmV8kZGtwuL7brg6OGqCGAovyTgGrBBZLAEtGwBr2pkoGgJZKsKiCRE7DsAVsFRsFgslFQxCJBIBQQN7EciiXuRy3EbsgDOTewpCFEIQgE8HZ0O2GJxvB29Ev0Y/ghXQjuiyhIrYdPcMngqZeUxH7qDJpMRciOVhVgaIjeCiMh7CDJip2RsCALQtDWCwAkOhQoCxMZMqsPcBZYGxO4lgOAWyWA9gb2BZGwLcT9x0MMuDmQfuOhhYWOjB7FllEHsWorVNYAAsqQ1i2AFhRslgslgFsAGAA2SwWCyDw9gYQMyocEsDYAIyJ0NQrKp1ItW5nT3LUwlacTpmyMvaYMctzTGWwYY9dvGRxHs2jtapppnGkn3MldcCvgvhJdqKvTch44pGLqx0lu1lr5A5pE/h5sZaVvlmem/KqnljRnb3Zrlp0vkzOO7N46Luq3yFTlTV7PkLgRQ+TTGqngVsZ7CNhMr0gUrAuCXQYMTYVyF7mVfJY2hXIRslA2NgqyVRLDKBQtkAa6B3AIXQhCEAhCEAhCEAhCEAh2tDKsUfwcU7WjivRj+CFdFS2Du2VKVbFsJBjSxJjV9wd1AUmwh1G/I1UgRY7CK7oPcCSFXIVYHgCQWwA2DuFbFTAuslldhTCHslip7jASwgJwASWK2LYFtgbEsDkDS2EvcdHBI5cX7joYHsg1HTxvYuT2M2N7F1lU9k/mJZLAJLFsFlDgYtkANgYGS6ANgsFkA8SBhIYUrAhmgpUBEgNDIEgK1yMmCiBVkZ0zRHKqMRdBXsZuTWOJczczP6avg2ShsV9u5i5bdZjFCgr4LVBIdR3GcSbaivtdBjCt2WL2rcOzRKaUTipJ0jm5F2yf5OndSdcHK1c/wBRm8EuWgc0kJLIUuTflkOunO8lpnNsW7ISw53sdybg7iWBEgi2QA7EsBAIQhCiEIQCEIQCEIQCEIQCEIQCACQCHb0u2KP4OIdnTO8cfwRGt7jwlWxW9kCMqYRruwxK4Oy0JpamFsrXAzCFlLYCe4smBSpgjQnsBsRSI2AGBAGQBIQgDIZFdjJgOiMVMDYEbFsDYtgPZGImGwGj+46GCXBzU9zdgYV1Mb2NCexkxPg0plU1ksFkAIAEKC3QLA+AXQDAfIGwANYLFshB44gSGVBINBIABQsVsAPkVhByFQvxMppjx2OddcY0t7FdWxbdEUjOm4btG8CqQbsy3osgf5B6TD2WimmTyzlatfrNrg7U8bWyRz9fg7Y9yR0xsccpXNIRxa3pkOrkDCiEAhCEAhCEAhCEAhCEAhCEAhCEAhCEAhCEAhCEAhCEAh1NI/04nKOppE/TQK6PMUKkGKdB8kZPDYuTKorcuQTZrI57cgZVICTlbAmV3uNFhdLVIncJYVYTR0xkVpjWCw5LEslhD2SxGyWBZYHIRMgBbEbCxGAbGTKxk9yB73NeFmKzVge5VdXE+DXF7GHC9jXF7FVaQWyAMKCwNlBJYrYLIGbBYLA2FNZBLJZUeTIQlmFFEZPAGArEGbFsADxSEsaLJW4spAS3JYqe5h0i1IVoFk5Io2L3O9gNESJpZadSZYpbFQUyNbXKq3FnCM6tFdtBbaVpkGTV6e8LpcHGPQZZt4pL7HAmqk0d8PThnOyh8AJZthAgslgFEIQCEIQCEIQCEIQB8cHkl2pb0xODb0+FzyTXMY2ZJu5yf3J9hSEIUQhCAQhCAQhAAQ62kVQX4OUlbSOvplUV+CFb1+0XyFPYHDDK2I6ZXFjA0ssSXBCPgGlVbhQzQAChkKhgIQlgsJRsAthuwhrJYpOCBrJYtgsLo9isFgsq6GyLkBLBo7ZowvcyWX4ZbhNOthka4y2Ofilwa4y2KrRZLKu5E7wullgsr7hXImzS1sDZX3E7iXJZissXuA2IyebXgZzJ3lEpUVvIPI8XCsiEHRWDeANkFYCtivYLe4rAgURcD1sYtdZC0MkFIdIzW9E7ScDPYRuxA1oDasRuhO7caN6aE7HikURZYpGdNzR5RJ2NxB3eSyOROJNUZskWkcXUxrMzvz3OPr4dsrXydcL9OWcYSEfJDq5IQNEoCEIiAQhCAQhCAQhCAbdEpyxZow2clTM2XBPD+9PfybtBa000mk29mNr4SWlj3Stoxv8AZvXTlkIQ2whCEAhCEAgAsADY1c0dfDwcnHtNM6uJ7EGtMYRDXsEMnTHUiju3LEyIs7iWJsGwGuwAugNlBslitgsCxPYPcVWGwGsggQmhslkIRdIC7GoFE2vjQJTGSHSG2piqpjKLLFGx1AlyamCntZZBUyzsBVGfNfxtOOZpjkMMZfJZ3mvJPBs7yd5k9RhUyXJqYNfqC9xQmNZi5tzBcpBUilMaJLkvivTAxFIe1RjdXSqaM87RqluUTRZUscJDoRDHpeU1iSYWIBBRgLgKiHQqHSOeTriZEugpAkiRulu2BoZR3H7NhtNKGrB2F3aBobXRIqhqDGIyRFI+GNjTLHFfCF7uxk2aRr4MHUcdwut0dJe7cz63H3YZfgT2mfp58hGA9LzoQIAIEAQAEBGASARACAJAOlpcTWCL7bt2NrFL+Hdrg16SP6EI/YmsxXgkvsct/s7eP6vPkRCI6uIkIQCEIwAQhAgFbNHT07uJykdLTP2Ig6C3RGgRdocIrHTA1uCgHsNiJDJENC3sC7GULHWMnksxVNNk7WzQsdDdn2J5NeDMoMbsL+0WieSzBV2h7SxoFIbXwJQUhmhkiWkwL2hUfsPQ1bE214q+3cZJEImTanSQyEsncZWLHwIwdwrlZNNbG9xluVp2MiosGRXe46CbWRLFyVpjKWxK3KspIllfeK50Iq7upjeoZJZBfVGk2294raZmjlLFOy6Z2//Z');
/*!40000 ALTER TABLE `pessoa` ENABLE KEYS */;
UNLOCK TABLES;

--
-- Table structure for table `pessoas_evento`
--

DROP TABLE IF EXISTS `pessoas_evento`;
/*!40101 SET @saved_cs_client     = @@character_set_client */;
/*!50503 SET character_set_client = utf8mb4 */;
CREATE TABLE `pessoas_evento` (
  `id` bigint NOT NULL AUTO_INCREMENT,
  `id_pessoa` bigint NOT NULL,
  `id_evento` bigint NOT NULL,
  `presenca` bit(1) NOT NULL DEFAULT b'1',
  PRIMARY KEY (`id`),
  KEY `id_evento` (`id_evento`),
  KEY `id_pessoa` (`id_pessoa`),
  CONSTRAINT `pessoas_evento_ibfk_1` FOREIGN KEY (`id_evento`) REFERENCES `evento` (`id`),
  CONSTRAINT `pessoas_evento_ibfk_2` FOREIGN KEY (`id_pessoa`) REFERENCES `pessoa` (`id`)
) ENGINE=InnoDB AUTO_INCREMENT=3 DEFAULT CHARSET=utf8mb4 COLLATE=utf8mb4_0900_ai_ci;
/*!40101 SET character_set_client = @saved_cs_client */;

--
-- Dumping data for table `pessoas_evento`
--

LOCK TABLES `pessoas_evento` WRITE;
/*!40000 ALTER TABLE `pessoas_evento` DISABLE KEYS */;
INSERT INTO `pessoas_evento` VALUES (1,14,1,_binary ''),(2,1,1,_binary '');
/*!40000 ALTER TABLE `pessoas_evento` ENABLE KEYS */;
UNLOCK TABLES;

--
-- Table structure for table `tag_interesse_pessoa`
--

DROP TABLE IF EXISTS `tag_interesse_pessoa`;
/*!40101 SET @saved_cs_client     = @@character_set_client */;
/*!50503 SET character_set_client = utf8mb4 */;
CREATE TABLE `tag_interesse_pessoa` (
  `id` bigint NOT NULL AUTO_INCREMENT,
  `id_pessoa` bigint NOT NULL,
  `id_tag` bigint NOT NULL,
  PRIMARY KEY (`id`),
  KEY `id_pessoa` (`id_pessoa`),
  KEY `id_tag` (`id_tag`),
  CONSTRAINT `tag_interesse_pessoa_ibfk_1` FOREIGN KEY (`id_pessoa`) REFERENCES `pessoa` (`id`),
  CONSTRAINT `tag_interesse_pessoa_ibfk_2` FOREIGN KEY (`id_tag`) REFERENCES `tags` (`id`)
) ENGINE=InnoDB AUTO_INCREMENT=35 DEFAULT CHARSET=utf8mb4 COLLATE=utf8mb4_0900_ai_ci;
/*!40101 SET character_set_client = @saved_cs_client */;

--
-- Dumping data for table `tag_interesse_pessoa`
--

LOCK TABLES `tag_interesse_pessoa` WRITE;
/*!40000 ALTER TABLE `tag_interesse_pessoa` DISABLE KEYS */;
INSERT INTO `tag_interesse_pessoa` VALUES (13,1,1),(14,1,4),(15,1,6),(16,1,8),(17,1,10),(18,2,2),(19,2,4),(20,2,6),(21,2,7),(22,2,8),(23,2,10),(31,7,2),(32,7,5),(33,7,6),(34,7,9);
/*!40000 ALTER TABLE `tag_interesse_pessoa` ENABLE KEYS */;
UNLOCK TABLES;

--
-- Table structure for table `tags`
--

DROP TABLE IF EXISTS `tags`;
/*!40101 SET @saved_cs_client     = @@character_set_client */;
/*!50503 SET character_set_client = utf8mb4 */;
CREATE TABLE `tags` (
  `id` bigint NOT NULL AUTO_INCREMENT,
  `nome` varchar(45) NOT NULL,
  PRIMARY KEY (`id`)
) ENGINE=InnoDB AUTO_INCREMENT=11 DEFAULT CHARSET=utf8mb4 COLLATE=utf8mb4_0900_ai_ci;
/*!40101 SET character_set_client = @saved_cs_client */;

--
-- Dumping data for table `tags`
--

LOCK TABLES `tags` WRITE;
/*!40000 ALTER TABLE `tags` DISABLE KEYS */;
INSERT INTO `tags` VALUES (1,'Culinária'),(2,'Doação de Sangue'),(4,'Arrecadação de Roupas'),(5,'Doação de cestas-básicas'),(6,'Feira de adoção'),(7,'Pets'),(8,'Crianças'),(9,'Caridade'),(10,'Vaquinha');
/*!40000 ALTER TABLE `tags` ENABLE KEYS */;
UNLOCK TABLES;

--
-- Table structure for table `tags_evento`
--

DROP TABLE IF EXISTS `tags_evento`;
/*!40101 SET @saved_cs_client     = @@character_set_client */;
/*!50503 SET character_set_client = utf8mb4 */;
CREATE TABLE `tags_evento` (
  `id` bigint NOT NULL AUTO_INCREMENT,
  `id_evento` bigint NOT NULL,
  `id_tag` bigint NOT NULL,
  PRIMARY KEY (`id`),
  KEY `id_evento` (`id_evento`),
  KEY `id_tag` (`id_tag`),
  CONSTRAINT `tags_evento_ibfk_1` FOREIGN KEY (`id_evento`) REFERENCES `evento` (`id`),
  CONSTRAINT `tags_evento_ibfk_2` FOREIGN KEY (`id_tag`) REFERENCES `tags` (`id`)
) ENGINE=InnoDB AUTO_INCREMENT=4 DEFAULT CHARSET=utf8mb4 COLLATE=utf8mb4_0900_ai_ci;
/*!40101 SET character_set_client = @saved_cs_client */;

--
-- Dumping data for table `tags_evento`
--

LOCK TABLES `tags_evento` WRITE;
/*!40000 ALTER TABLE `tags_evento` DISABLE KEYS */;
INSERT INTO `tags_evento` VALUES (3,1,1);
/*!40000 ALTER TABLE `tags_evento` ENABLE KEYS */;
UNLOCK TABLES;

--
-- Dumping routines for database 'voluntariosapp'
--
/*!40103 SET TIME_ZONE=@OLD_TIME_ZONE */;

/*!40101 SET SQL_MODE=@OLD_SQL_MODE */;
/*!40014 SET FOREIGN_KEY_CHECKS=@OLD_FOREIGN_KEY_CHECKS */;
/*!40014 SET UNIQUE_CHECKS=@OLD_UNIQUE_CHECKS */;
/*!40101 SET CHARACTER_SET_CLIENT=@OLD_CHARACTER_SET_CLIENT */;
/*!40101 SET CHARACTER_SET_RESULTS=@OLD_CHARACTER_SET_RESULTS */;
/*!40101 SET COLLATION_CONNECTION=@OLD_COLLATION_CONNECTION */;
/*!40111 SET SQL_NOTES=@OLD_SQL_NOTES */;

-- Dump completed on 2022-10-21 18:27:35
